year,month,age,portfolio_end,exp_return_annual,variance_annual,inflation_annual,return_step_factor,inflation_step_factor,return_step_pct,monthly_income,monthly_taxed_income,monthly_requested_raw_expenses,monthly_requested_fixed_expenses,monthly_requested_discretionary_expenses,monthly_raw_expenses,monthly_discretionary_expenses,monthly_withdrawl_cap,monthly_fixed_withdrawl_need,monthly_net_expenses,monthly_gross_up,event,assumption_reason
2025,12,50.92,2007809.65,0.085,0.02,0.025,0.0068214934,0.0020598363,-99.317851,0.0,0.0,4600.0,3600.0,1000.0,4375.0,775.0,5833.33,4800.0,4375.0,5833.33,,undefined
2026,1,51.0,2015649.8,0.085,0.02,0.025,0.0068214934,0.0020598363,-99.317851,0.0,0.0,4609.48,3607.42,1002.06,4392.08,784.67,5856.11,4809.89,4392.08,5856.11,,undefined
2026,2,51.08,2023520.57,0.085,0.02,0.025,0.0068214934,0.0020598363,-99.317851,0.0,0.0,4618.97,3614.85,1004.12,4409.23,794.39,5878.98,4819.79,4409.23,5878.98,,undefined
2026,3,51.17,2031422.06,0.085,0.02,0.025,0.0068214934,0.0020598363,-99.317851,0.0,0.0,4628.48,3622.29,1006.19,4426.45,804.16,5901.93,4829.72,4426.45,5901.93,,undefined
2026,4,51.25,2039354.41,0.085,0.02,0.025,0.0068214934,0.0020598363,-99.317851,0.0,0.0,4638.02,3629.75,1008.26,4443.74,813.98,5924.98,4839.67,4443.74,5924.98,,undefined
2026,5,51.33,2047317.74,0.085,0.02,0.025,0.0068214934,0.0020598363,-99.317851,0.0,0.0,4647.57,3637.23,1010.34,4461.09,823.86,5948.12,4849.64,4461.09,5948.12,,undefined
2026,6,51.42,2055312.16,0.085,0.02,0.025,0.0068214934,0.0020598363,-99.317851,0.0,0.0,4657.15,3644.72,1012.42,4478.51,833.79,5971.34,4859.63,4478.51,5971.34,,undefined
2026,7,51.5,2063337.8,0.085,0.02,0.025,0.0068214934,0.0020598363,-99.317851,0.0,0.0,4666.74,3652.23,1014.51,4496.0,843.77,5994.66,4869.64,4496.0,5994.66,,undefined
2026,8,51.58,2071394.77,0.085,0.02,0.025,0.0068214934,0.0020598363,-99.317851,0.0,0.0,4676.35,3659.75,1016.6,4513.55,853.8,6018.07,4879.67,4513.55,6018.07,,undefined
2026,9,51.67,2079483.21,0.085,0.02,0.025,0.0068214934,0.0020598363,-99.317851,0.0,0.0,4685.98,3667.29,1018.69,4531.18,863.88,6041.57,4889.72,4531.18,6041.57,,undefined
2026,10,51.75,2087603.23,0.085,0.02,0.025,0.0068214934,0.0020598363,-99.317851,0.0,0.0,4695.64,3674.85,1020.79,4548.87,874.02,6065.16,4899.79,4548.87,6065.16,,undefined
2026,11,51.83,2095754.96,0.085,0.02,0.025,0.0068214934,0.0020598363,-99.317851,0.0,0.0,4705.31,3682.41,1022.89,4566.63,884.22,6088.84,4909.89,4566.63,6088.84,,undefined
2026,12,51.92,2103938.52,0.085,0.02,0.025,0.0068214934,0.0020598363,-99.317851,0.0,0.0,4715.0,3690.0,1025.0,4584.46,894.46,6112.62,4920.0,4584.46,6112.62,,undefined
2027,1,52.0,2112154.04,0.085,0.02,0.025,0.0068214934,0.0020598363,-99.317851,0.0,0.0,4724.71,3697.6,1027.11,4602.37,904.76,6136.49,4930.13,4602.37,6136.49,,undefined
2027,2,52.08,2120401.63,0.085,0.02,0.025,0.0068214934,0.0020598363,-99.317851,0.0,0.0,4734.44,3705.22,1029.23,4620.34,915.12,6160.45,4940.29,4620.34,6160.45,,undefined
2027,3,52.17,2128681.43,0.085,0.02,0.025,0.0068214934,0.0020598363,-99.317851,0.0,0.0,4744.2,3712.85,1031.35,4638.38,925.53,6184.5,4950.47,4638.38,6184.5,,undefined
2027,4,52.25,2136993.57,0.085,0.02,0.025,0.0068214934,0.0020598363,-99.317851,0.0,0.0,4753.97,3720.5,1033.47,4656.49,935.99,6208.65,4960.66,4656.49,6208.65,,undefined
2027,5,52.33,2145338.16,0.085,0.02,0.025,0.0068214934,0.0020598363,-99.317851,0.0,0.0,4763.76,3728.16,1035.6,4674.67,946.51,6232.9,4970.88,4674.67,6232.9,,undefined
2027,6,52.42,2153715.33,0.085,0.02,0.025,0.0068214934,0.0020598363,-99.317851,0.0,0.0,4773.57,3735.84,1037.73,4692.93,957.09,6257.24,4981.12,4692.93,6257.24,,undefined
2027,7,52.5,2162125.21,0.085,0.02,0.025,0.0068214934,0.0020598363,-99.317851,0.0,0.0,4783.41,3743.54,1039.87,4711.25,967.72,6281.67,4991.38,4711.25,6281.67,,undefined
2027,8,52.58,2170567.94,0.085,0.02,0.025,0.0068214934,0.0020598363,-99.317851,0.0,0.0,4793.26,3751.25,1042.01,4729.65,978.4,6306.2,5001.66,4729.65,6306.2,,undefined
2027,9,52.67,2179043.63,0.085,0.02,0.025,0.0068214934,0.0020598363,-99.317851,0.0,0.0,4803.13,3758.97,1044.16,4748.12,989.14,6330.82,5011.96,4748.12,6330.82,,undefined
2027,10,52.75,2187552.42,0.085,0.02,0.025,0.0068214934,0.0020598363,-99.317851,0.0,0.0,4813.03,3766.72,1046.31,4766.66,999.94,6355.54,5022.29,4766.66,6355.54,,undefined
2027,11,52.83,2196094.43,0.085,0.02,0.025,0.0068214934,0.0020598363,-99.317851,0.0,0.0,4822.94,3774.48,1048.47,4785.27,1010.8,6380.36,5032.63,4785.27,6380.36,,undefined
2027,12,52.92,2204669.8,0.085,0.02,0.025,0.0068214934,0.0020598363,-99.317851,0.0,0.0,4832.87,3782.25,1050.62,4803.96,1021.71,6405.28,5043.0,4803.96,6405.28,,undefined
2028,1,53.0,2213278.65,0.085,0.02,0.025,0.0068214934,0.0020598363,-99.317851,0.0,0.0,4842.83,3790.04,1052.79,4822.72,1032.67,6430.29,5053.39,4822.72,6430.29,,undefined
2028,2,53.08,2221921.12,0.085,0.02,0.025,0.0068214934,0.0020598363,-99.317851,0.0,0.0,4852.81,3797.85,1054.96,4841.55,1043.7,6455.4,5063.8,4841.55,6455.4,,undefined
2028,3,53.17,2230597.34,0.085,0.02,0.025,0.0068214934,0.0020598363,-99.317851,0.0,0.0,4862.8,3805.67,1057.13,4860.45,1054.78,6480.6,5074.23,4860.45,6480.6,,undefined
2028,4,53.25,2239316.25,0.085,0.02,0.025,0.0068214934,0.0020598363,-99.317851,0.0,0.0,4872.82,3813.51,1059.31,4872.82,1059.31,6505.91,5084.68,4872.82,6497.09,,undefined
2028,5,53.33,2248081.26,0.085,0.02,0.025,0.0068214934,0.0020598363,-99.317851,0.0,0.0,4882.86,3821.36,1061.49,4882.86,1061.49,6531.34,5095.15,4882.86,6510.47,,undefined
2028,6,53.42,2256892.65,0.085,0.02,0.025,0.0068214934,0.0020598363,-99.317851,0.0,0.0,4892.91,3829.24,1063.68,4892.91,1063.68,6556.9,5105.65,4892.91,6523.88,,undefined
2028,7,53.5,2265750.7,0.085,0.02,0.025,0.0068214934,0.0020598363,-99.317851,0.0,0.0,4902.99,3837.12,1065.87,4902.99,1065.87,6582.6,5116.17,4902.99,6537.32,,undefined
2028,8,53.58,2274655.72,0.085,0.02,0.025,0.0068214934,0.0020598363,-99.317851,0.0,0.0,4913.09,3845.03,1068.06,4913.09,1068.06,6608.44,5126.7,4913.09,6550.79,,undefined
2028,9,53.67,2283607.99,0.085,0.02,0.025,0.0068214934,0.0020598363,-99.317851,0.0,0.0,4923.21,3852.95,1070.26,4923.21,1070.26,6634.41,5137.26,4923.21,6564.28,,undefined
2028,10,53.75,2292607.8,0.085,0.02,0.025,0.0068214934,0.0020598363,-99.317851,0.0,0.0,4933.35,3860.88,1072.47,4933.35,1072.47,6660.52,5147.85,4933.35,6577.8,,undefined
2028,11,53.83,2301655.46,0.085,0.02,0.025,0.0068214934,0.0020598363,-99.317851,0.0,0.0,4943.51,3868.84,1074.68,4943.51,1074.68,6686.77,5158.45,4943.51,6591.35,,undefined
2028,12,53.92,2310751.26,0.085,0.02,0.025,0.0068214934,0.0020598363,-99.317851,0.0,0.0,4953.7,3876.81,1076.89,4953.7,1076.89,6713.16,5169.07,4953.7,6604.93,,undefined
2029,1,54.0,2319895.5,0.085,0.02,0.025,0.0068214934,0.0020598363,-99.317851,0.0,0.0,4963.9,3884.79,1079.11,4963.9,1079.11,6739.69,5179.72,4963.9,6618.53,,undefined
2029,2,54.08,2329088.48,0.085,0.02,0.025,0.0068214934,0.0020598363,-99.317851,0.0,0.0,4974.13,3892.79,1081.33,4974.13,1081.33,6766.36,5190.39,4974.13,6632.17,,undefined
2029,3,54.17,2338330.51,0.085,0.02,0.025,0.0068214934,0.0020598363,-99.317851,0.0,0.0,4984.37,3900.81,1083.56,4984.37,1083.56,6793.17,5201.08,4984.37,6645.83,,undefined
2029,4,54.25,2347621.9,0.085,0.02,0.025,0.0068214934,0.0020598363,-99.317851,0.0,0.0,4994.64,3908.85,1085.79,4994.64,1085.79,6820.13,5211.8,4994.64,6659.52,,undefined
2029,5,54.33,2356962.95,0.085,0.02,0.025,0.0068214934,0.0020598363,-99.317851,0.0,0.0,5004.93,3916.9,1088.03,5004.93,1088.03,6847.23,5222.53,5004.93,6673.24,,undefined
2029,6,54.42,2366353.98,0.085,0.02,0.025,0.0068214934,0.0020598363,-99.317851,0.0,0.0,5015.24,3924.97,1090.27,5015.24,1090.27,6874.48,5233.29,5015.24,6686.98,,undefined
2029,7,54.5,2375795.29,0.085,0.02,0.025,0.0068214934,0.0020598363,-99.317851,0.0,0.0,5025.57,3933.05,1092.51,5025.57,1092.51,6901.87,5244.07,5025.57,6700.76,,undefined
2029,8,54.58,2385287.21,0.085,0.02,0.025,0.0068214934,0.0020598363,-99.317851,0.0,0.0,5035.92,3941.15,1094.76,5035.92,1094.76,6929.4,5254.87,5035.92,6714.56,,undefined
2029,9,54.67,2394830.04,0.085,0.02,0.025,0.0068214934,0.0020598363,-99.317851,0.0,0.0,5046.29,3949.27,1097.02,5046.29,1097.02,6957.09,5265.7,5046.29,6728.39,,undefined
2029,10,54.75,2404424.11,0.085,0.02,0.025,0.0068214934,0.0020598363,-99.317851,0.0,0.0,5056.69,3957.41,1099.28,5056.69,1099.28,6984.92,5276.54,5056.69,6742.25,,undefined
2029,11,54.83,2414069.74,0.085,0.02,0.025,0.0068214934,0.0020598363,-99.317851,0.0,0.0,5067.1,3965.56,1101.54,5067.1,1101.54,7012.9,5287.41,5067.1,6756.14,,undefined
2029,12,54.92,2423767.24,0.085,0.02,0.025,0.0068214934,0.0020598363,-99.317851,0.0,0.0,5077.54,3973.73,1103.81,5077.54,1103.81,7041.04,5298.3,5077.54,6770.05,,undefined
2030,1,55.0,2433516.96,0.085,0.02,0.025,0.0068214934,0.0020598363,-99.317851,0.0,0.0,5088.0,3981.91,1106.09,5088.0,1106.09,7069.32,5309.22,5088.0,6784.0,,undefined
2030,2,55.08,2443319.21,0.085,0.02,0.025,0.0068214934,0.0020598363,-99.317851,0.0,0.0,5098.48,3990.11,1108.36,5098.48,1108.36,7097.76,5320.15,5098.48,6797.97,,undefined
2030,3,55.17,2453174.32,0.085,0.02,0.025,0.0068214934,0.0020598363,-99.317851,0.0,0.0,5108.98,3998.33,1110.65,5108.98,1110.65,7126.35,5331.11,5108.98,6811.97,,undefined
2030,4,55.25,2463082.63,0.085,0.02,0.025,0.0068214934,0.0020598363,-99.317851,0.0,0.0,5119.5,4006.57,1112.94,5119.5,1112.94,7155.09,5342.09,5119.5,6826.01,,undefined
2030,5,55.33,2473044.46,0.085,0.02,0.025,0.0068214934,0.0020598363,-99.317851,0.0,0.0,5130.05,4014.82,1115.23,5130.05,1115.23,7183.99,5353.1,5130.05,6840.07,,undefined
2030,6,55.42,2483060.16,0.085,0.02,0.025,0.0068214934,0.0020598363,-99.317851,0.0,0.0,5140.62,4023.09,1117.53,5140.62,1117.53,7213.05,5364.12,5140.62,6854.16,,undefined
2030,7,55.5,2493130.07,0.085,0.02,0.025,0.0068214934,0.0020598363,-99.317851,0.0,0.0,5151.21,4031.38,1119.83,5151.21,1119.83,7242.26,5375.17,5151.21,6868.27,,undefined
2030,8,55.58,2503254.51,0.085,0.02,0.025,0.0068214934,0.0020598363,-99.317851,0.0,0.0,5161.82,4039.68,1122.13,5161.82,1122.13,7271.63,5386.24,5161.82,6882.42,,undefined
2030,9,55.67,2513433.85,0.085,0.02,0.025,0.0068214934,0.0020598363,-99.317851,0.0,0.0,5172.45,4048.0,1124.45,5172.45,1124.45,7301.16,5397.34,5172.45,6896.6,,undefined
2030,10,55.75,2523668.42,0.085,0.02,0.025,0.0068214934,0.0020598363,-99.317851,0.0,0.0,5183.1,4056.34,1126.76,5183.1,1126.76,7330.85,5408.46,5183.1,6910.8,,undefined
2030,11,55.83,2533958.57,0.085,0.02,0.025,0.0068214934,0.0020598363,-99.317851,0.0,0.0,5193.78,4064.7,1129.08,5193.78,1129.08,7360.7,5419.6,5193.78,6925.04,,undefined
2030,12,55.92,2544304.64,0.085,0.02,0.025,0.0068214934,0.0020598363,-99.317851,0.0,0.0,5204.48,4073.07,1131.41,5204.48,1131.41,7390.71,5430.76,5204.48,6939.3,,undefined
2031,1,56.0,2554707.0,0.085,0.02,0.025,0.0068214934,0.0020598363,-99.317851,0.0,0.0,5215.2,4081.46,1133.74,5215.2,1133.74,7420.89,5441.95,5215.2,6953.6,,undefined
2031,2,56.08,2565166.0,0.085,0.02,0.025,0.0068214934,0.0020598363,-99.317851,0.0,0.0,5225.94,4089.87,1136.07,5225.94,1136.07,7451.23,5453.16,5225.94,6967.92,,undefined
2031,3,56.17,2575681.99,0.085,0.02,0.025,0.0068214934,0.0020598363,-99.317851,0.0,0.0,5236.71,4098.29,1138.41,5236.71,1138.41,7481.73,5464.39,5236.71,6982.27,,undefined
2031,4,56.25,2586255.33,0.085,0.02,0.025,0.0068214934,0.0020598363,-99.317851,0.0,0.0,5247.49,4106.73,1140.76,5247.49,1140.76,7512.41,5475.64,5247.49,6996.66,,undefined
2031,5,56.33,2596886.39,0.085,0.02,0.025,0.0068214934,0.0020598363,-99.317851,0.0,0.0,5258.3,4115.19,1143.11,5258.3,1143.11,7543.24,5486.92,5258.3,7011.07,,undefined
2031,6,56.42,2607575.52,0.085,0.02,0.025,0.0068214934,0.0020598363,-99.317851,0.0,0.0,5269.13,4123.67,1145.46,5269.13,1145.46,7574.25,5498.22,5269.13,7025.51,,undefined
2031,7,56.5,2618323.1,0.085,0.02,0.025,0.0068214934,0.0020598363,-99.317851,0.0,0.0,5279.99,4132.16,1147.82,5279.99,1147.82,7605.43,5509.55,5279.99,7039.98,,undefined
2031,8,56.58,2629129.49,0.085,0.02,0.025,0.0068214934,0.0020598363,-99.317851,0.0,0.0,5290.86,4140.67,1150.19,5290.86,1150.19,7636.78,5520.9,5290.86,7054.48,,undefined
2031,9,56.67,2639995.07,0.085,0.02,0.025,0.0068214934,0.0020598363,-99.317851,0.0,0.0,5301.76,4149.2,1152.56,5301.76,1152.56,7668.29,5532.27,5301.76,7069.01,,undefined
2031,10,56.75,2650920.2,0.085,0.02,0.025,0.0068214934,0.0020598363,-99.317851,0.0,0.0,5312.68,4157.75,1154.93,5312.68,1154.93,7699.99,5543.67,5312.68,7083.57,,undefined
2031,11,56.83,2661905.27,0.085,0.02,0.025,0.0068214934,0.0020598363,-99.317851,0.0,0.0,5323.62,4166.31,1157.31,5323.62,1157.31,7731.85,5555.09,5323.62,7098.17,,undefined
2031,12,56.92,2672950.65,0.085,0.02,0.025,0.0068214934,0.0020598363,-99.317851,0.0,0.0,5334.59,4174.9,1159.69,5334.59,1159.69,7763.89,5566.53,5334.59,7112.79,,undefined
2032,1,57.0,2684056.73,0.085,0.02,0.025,0.0068214934,0.0020598363,-99.317851,0.0,0.0,5345.58,4183.5,1162.08,5345.58,1162.08,7796.11,5577.99,5345.58,7127.44,,undefined
2032,2,57.08,2695223.89,0.085,0.02,0.025,0.0068214934,0.0020598363,-99.317851,0.0,0.0,5356.59,4192.11,1164.48,5356.59,1164.48,7828.5,5589.48,5356.59,7142.12,,undefined
2032,3,57.17,2706452.51,0.085,0.02,0.025,0.0068214934,0.0020598363,-99.317851,0.0,0.0,5367.62,4200.75,1166.87,5367.62,1166.87,7861.07,5601.0,5367.62,7156.83,,undefined
2032,4,57.25,2717742.98,0.085,0.02,0.025,0.0068214934,0.0020598363,-99.317851,0.0,0.0,5378.68,4209.4,1169.28,5378.68,1169.28,7893.82,5612.53,5378.68,7171.57,,undefined
2032,5,57.33,2729095.71,0.085,0.02,0.025,0.0068214934,0.0020598363,-99.317851,0.0,0.0,5389.76,4218.07,1171.69,5389.76,1171.69,7926.75,5624.1,5389.76,7186.34,,undefined
2032,6,57.42,2740511.07,0.085,0.02,0.025,0.0068214934,0.0020598363,-99.317851,0.0,0.0,5400.86,4226.76,1174.1,5400.86,1174.1,7959.86,5635.68,5400.86,7201.15,,undefined
2032,7,57.5,2751989.46,0.085,0.02,0.025,0.0068214934,0.0020598363,-99.317851,0.0,0.0,5411.99,4235.47,1176.52,5411.99,1176.52,7993.16,5647.29,5411.99,7215.98,,undefined
2032,8,57.58,2763531.3,0.085,0.02,0.025,0.0068214934,0.0020598363,-99.317851,0.0,0.0,5423.13,4244.19,1178.94,5423.13,1178.94,8026.64,5658.92,5423.13,7230.84,,undefined
2032,9,57.67,2775136.97,0.085,0.02,0.025,0.0068214934,0.0020598363,-99.317851,0.0,0.0,5434.3,4252.93,1181.37,5434.3,1181.37,8060.3,5670.58,5434.3,7245.74,,undefined
2032,10,57.75,2786806.88,0.085,0.02,0.025,0.0068214934,0.0020598363,-99.317851,0.0,0.0,5445.5,4261.69,1183.8,5445.5,1183.8,8094.15,5682.26,5445.5,7260.66,,undefined
2032,11,57.83,2798541.45,0.085,0.02,0.025,0.0068214934,0.0020598363,-99.317851,0.0,0.0,5456.71,4270.47,1186.24,5456.71,1186.24,8128.19,5693.96,5456.71,7275.62,,undefined
2032,12,57.92,2810341.08,0.085,0.02,0.025,0.0068214934,0.0020598363,-99.317851,0.0,0.0,5467.95,4279.27,1188.69,5467.95,1188.69,8162.41,5705.69,5467.95,7290.61,,undefined
2033,1,58.0,2822206.18,0.085,0.02,0.025,0.0068214934,0.0020598363,-99.317851,0.0,0.0,5479.22,4288.08,1191.13,5479.22,1191.13,8196.83,5717.44,5479.22,7305.62,,undefined
2033,2,58.08,2834137.16,0.085,0.02,0.025,0.0068214934,0.0020598363,-99.317851,0.0,0.0,5490.5,4296.92,1193.59,5490.5,1193.59,8231.43,5729.22,5490.5,7320.67,,undefined
2033,3,58.17,2846134.46,0.085,0.02,0.025,0.0068214934,0.0020598363,-99.317851,0.0,0.0,5501.81,4305.77,1196.05,5501.81,1196.05,8266.23,5741.02,5501.81,7335.75,,undefined
2033,4,58.25,2858198.49,0.085,0.02,0.025,0.0068214934,0.0020598363,-99.317851,0.0,0.0,5513.15,4314.64,1198.51,5513.15,1198.51,8301.23,5752.85,5513.15,7350.86,,undefined
2033,5,58.33,2870329.67,0.085,0.02,0.025,0.0068214934,0.0020598363,-99.317851,0.0,0.0,5524.5,4323.52,1200.98,5524.5,1200.98,8336.41,5764.7,5524.5,7366.0,,undefined
2033,6,58.42,2882528.42,0.085,0.02,0.025,0.0068214934,0.0020598363,-99.317851,0.0,0.0,5535.88,4332.43,1203.45,5535.88,1203.45,8371.79,5776.57,5535.88,7381.18,,undefined
2033,7,58.5,2894795.19,0.085,0.02,0.025,0.0068214934,0.0020598363,-99.317851,0.0,0.0,5547.28,4341.35,1205.93,5547.28,1205.93,8407.37,5788.47,5547.28,7396.38,,undefined
2033,8,58.58,2907130.4,0.085,0.02,0.025,0.0068214934,0.0020598363,-99.317851,0.0,0.0,5558.71,4350.3,1208.42,5558.71,1208.42,8443.15,5800.39,5558.71,7411.62,,undefined
2033,9,58.67,2919534.49,0.085,0.02,0.025,0.0068214934,0.0020598363,-99.317851,0.0,0.0,5570.16,4359.26,1210.9,5570.16,1210.9,8479.13,5812.34,5570.16,7426.88,,undefined
2033,10,58.75,2932007.9,0.085,0.02,0.025,0.0068214934,0.0020598363,-99.317851,0.0,0.0,5581.64,4368.24,1213.4,5581.64,1213.4,8515.31,5824.31,5581.64,7442.18,,undefined
2033,11,58.83,2944551.06,0.085,0.02,0.025,0.0068214934,0.0020598363,-99.317851,0.0,0.0,5593.13,4377.23,1215.9,5593.13,1215.9,8551.69,5836.31,5593.13,7457.51,,undefined
2033,12,58.92,2957164.42,0.085,0.02,0.025,0.0068214934,0.0020598363,-99.317851,0.0,0.0,5604.65,4386.25,1218.4,5604.65,1218.4,8588.27,5848.33,5604.65,7472.87,,undefined
2034,1,59.0,2969848.44,0.085,0.02,0.025,0.0068214934,0.0020598363,-99.317851,0.0,0.0,5616.2,4395.29,1220.91,5616.2,1220.91,8625.06,5860.38,5616.2,7488.26,,undefined
2034,2,59.08,2982603.55,0.085,0.02,0.025,0.0068214934,0.0020598363,-99.317851,0.0,0.0,5627.77,4404.34,1223.43,5627.77,1223.43,8662.06,5872.45,5627.77,7503.69,,undefined
2034,3,59.17,2995430.22,0.085,0.02,0.025,0.0068214934,0.0020598363,-99.317851,0.0,0.0,5639.36,4413.41,1225.95,5639.36,1225.95,8699.26,5884.55,5639.36,7519.14,,undefined
2034,4,59.25,3008328.89,0.085,0.02,0.025,0.0068214934,0.0020598363,-99.317851,0.0,0.0,5650.97,4422.5,1228.47,5650.97,1228.47,8736.67,5896.67,5650.97,7534.63,,undefined
2034,5,59.33,3021300.03,0.085,0.02,0.025,0.0068214934,0.0020598363,-99.317851,0.0,0.0,5662.61,4431.61,1231.0,5662.61,1231.0,8774.29,5908.82,5662.61,7550.15,,undefined
2034,6,59.42,3034344.11,0.085,0.02,0.025,0.0068214934,0.0020598363,-99.317851,0.0,0.0,5674.28,4440.74,1233.54,5674.28,1233.54,8812.13,5920.99,5674.28,7565.71,,undefined
2034,7,59.5,3047461.57,0.085,0.02,0.025,0.0068214934,0.0020598363,-99.317851,0.0,0.0,5685.97,4449.89,1236.08,5685.97,1236.08,8850.17,5933.18,5685.97,7581.29,,undefined
2034,8,59.58,3060652.91,0.085,0.02,0.025,0.0068214934,0.0020598363,-99.317851,0.0,0.0,5697.68,4459.05,1238.63,5697.68,1238.63,8888.43,5945.4,5697.68,7596.91,,undefined
2034,9,59.67,3073918.58,0.085,0.02,0.025,0.0068214934,0.0020598363,-99.317851,0.0,0.0,5709.42,4468.24,1241.18,5709.42,1241.18,8926.9,5957.65,5709.42,7612.55,,undefined
2034,10,59.75,3087259.06,0.085,0.02,0.025,0.0068214934,0.0020598363,-99.317851,0.0,0.0,5721.18,4477.44,1243.73,5721.18,1243.73,8965.6,5969.92,5721.18,7628.23,,undefined
2034,11,59.83,3100674.83,0.085,0.02,0.025,0.0068214934,0.0020598363,-99.317851,0.0,0.0,5732.96,4486.66,1246.3,5732.96,1246.3,9004.51,5982.22,5732.96,7643.95,,undefined
2034,12,59.92,3114166.37,0.085,0.02,0.025,0.0068214934,0.0020598363,-99.317851,0.0,0.0,5744.77,4495.91,1248.86,5744.77,1248.86,9043.63,5994.54,5744.77,7659.69,,undefined
2035,1,60.0,3127734.16,0.085,0.02,0.025,0.0068214934,0.0020598363,-99.317851,0.0,0.0,5756.6,4505.17,1251.44,5756.6,1251.44,9082.99,6006.89,5756.6,7675.47,,undefined
2035,2,60.08,3141378.7,0.085,0.02,0.025,0.0068214934,0.0020598363,-99.317851,0.0,0.0,5768.46,4514.45,1254.01,5768.46,1254.01,9122.56,6019.26,5768.46,7691.28,,undefined
2035,3,60.17,3155100.47,0.085,0.02,0.025,0.0068214934,0.0020598363,-99.317851,0.0,0.0,5780.34,4523.75,1256.6,5780.34,1256.6,9162.35,6031.66,5780.34,7707.12,,undefined
2035,4,60.25,3168899.97,0.085,0.02,0.025,0.0068214934,0.0020598363,-99.317851,0.0,0.0,5792.25,4533.06,1259.18,5792.25,1259.18,9202.38,6044.09,5792.25,7723.0,,undefined
2035,5,60.33,3182777.69,0.085,0.02,0.025,0.0068214934,0.0020598363,-99.317851,0.0,0.0,5804.18,4542.4,1261.78,5804.18,1261.78,9242.62,6056.54,5804.18,7738.91,,undefined
2035,6,60.42,3196734.14,0.085,0.02,0.025,0.0068214934,0.0020598363,-99.317851,0.0,0.0,5816.14,4551.76,1264.38,5816.14,1264.38,9283.1,6069.01,5816.14,7754.85,,undefined
2035,7,60.5,3210769.82,0.085,0.02,0.025,0.0068214934,0.0020598363,-99.317851,0.0,0.0,5828.12,4561.13,1266.98,5828.12,1266.98,9323.81,6081.51,5828.12,7770.82,,undefined
2035,8,60.58,3224885.23,0.085,0.02,0.025,0.0068214934,0.0020598363,-99.317851,0.0,0.0,5840.12,4570.53,1269.59,5840.12,1269.59,9364.75,6094.04,5840.12,7786.83,,undefined
2035,9,60.67,3239080.9,0.085,0.02,0.025,0.0068214934,0.0020598363,-99.317851,0.0,0.0,5852.15,4579.94,1272.21,5852.15,1272.21,9405.92,6106.59,5852.15,7802.87,,undefined
2035,10,60.75,3253357.33,0.085,0.02,0.025,0.0068214934,0.0020598363,-99.317851,0.0,0.0,5864.21,4589.38,1274.83,5864.21,1274.83,9447.32,6119.17,5864.21,7818.94,,undefined
2035,11,60.83,3267715.04,0.085,0.02,0.025,0.0068214934,0.0020598363,-99.317851,0.0,0.0,5876.28,4598.83,1277.45,5876.28,1277.45,9488.96,6131.78,5876.28,7835.05,,undefined
2035,12,60.92,3282154.55,0.085,0.02,0.025,0.0068214934,0.0020598363,-99.317851,0.0,0.0,5888.39,4608.3,1280.08,5888.39,1280.08,9530.84,6144.41,5888.39,7851.19,,undefined
2036,1,61.0,3298410.41,0.085,0.02,0.025,0.0068214934,0.0020598363,-99.317851,0.0,0.0,4600.0,3600.0,1000.0,4600.0,1000.0,9572.95,4800.0,4600.0,6133.33,Retirement,undefined
2036,2,61.08,3214142.93,-0.25,0.03,0.04,-0.0236884242,0.0032737398,-102.368842,0.0,0.0,4600.0,3600.0,1000.0,4600.0,1000.0,9620.36,4800.0,4600.0,6133.33,Immediate Market Shock,updated_assumptions.expected_return=-0.25
2036,3,61.17,3131851.54,-0.25,0.03,0.04,-0.0236884242,0.0032737398,-102.368842,0.0,0.0,4615.06,3611.79,1003.27,4615.06,1003.27,9374.58,4815.71,4615.06,6153.41,,undefined
2036,4,61.25,3051489.35,-0.25,0.03,0.04,-0.0236884242,0.0032737398,-102.368842,0.0,0.0,4630.17,3623.61,1006.56,4630.17,1006.56,9134.57,4831.48,4630.17,6173.56,,undefined
2036,5,61.33,2973010.61,-0.25,0.03,0.04,-0.0236884242,0.0032737398,-102.368842,0.0,0.0,4645.33,3635.47,1009.85,4645.33,1009.85,8900.18,4847.3,4645.33,6193.77,,undefined
2036,6,61.42,2896370.63,-0.25,0.03,0.04,-0.0236884242,0.0032737398,-102.368842,0.0,0.0,4660.53,3647.37,1013.16,4660.53,1013.16,8671.28,4863.17,4660.53,6214.04,,undefined
2036,7,61.5,2821525.79,-0.25,0.03,0.04,-0.0236884242,0.0032737398,-102.368842,0.0,0.0,4675.79,3659.31,1016.48,4675.79,1016.48,8447.75,4879.09,4675.79,6234.39,,undefined
2036,8,61.58,2748433.49,-0.25,0.03,0.04,-0.0236884242,0.0032737398,-102.368842,0.0,0.0,4691.1,3671.29,1019.8,4691.1,1019.8,8229.45,4895.06,4691.1,6254.8,,undefined
2036,9,61.67,2677052.16,-0.25,0.03,0.04,-0.0236884242,0.0032737398,-102.368842,0.0,0.0,4706.46,3683.31,1023.14,4706.46,1023.14,8016.26,4911.08,4706.46,6275.27,,undefined
2036,10,61.75,2607341.19,-0.25,0.03,0.04,-0.0236884242,0.0032737398,-102.368842,0.0,0.0,4721.86,3695.37,1026.49,4721.86,1026.49,7808.07,4927.16,4721.86,6295.82,,undefined
2036,11,61.83,2539260.96,-0.25,0.03,0.04,-0.0236884242,0.0032737398,-102.368842,0.0,0.0,4737.32,3707.47,1029.85,4737.32,1029.85,7604.75,4943.29,4737.32,6316.43,,undefined
2036,12,61.92,2472772.76,-0.25,0.03,0.04,-0.0236884242,0.0032737398,-102.368842,0.0,0.0,4752.83,3719.61,1033.22,4752.83,1033.22,7406.18,4959.47,4752.83,6337.11,,undefined
2037,1,62.0,2407838.82,-0.25,0.03,0.04,-0.0236884242,0.0032737398,-102.368842,0.0,0.0,4768.39,3731.78,1036.61,4768.39,1036.61,7212.25,4975.71,4768.39,6357.85,,undefined
2037,2,62.08,2407643.87,0.03,0.025,0.05,0.0024662698,0.0040741238,-99.753373,0.0,0.0,4600.0,3600.0,1000.0,4600.0,1000.0,7022.86,4800.0,4600.0,6133.33,Lost Decade Begins,updated_assumptions.expected_return=0.03
2037,3,62.17,2407423.44,0.03,0.025,0.05,0.0024662698,0.0040741238,-99.753373,0.0,0.0,4618.74,3614.67,1004.07,4618.74,1004.07,7022.29,4819.56,4618.74,6158.32,,undefined
2037,4,62.25,2407177.39,0.03,0.025,0.05,0.0024662698,0.0040741238,-99.753373,0.0,0.0,4637.56,3629.39,1008.16,4637.56,1008.16,7021.65,4839.19,4637.56,6183.41,,undefined
2037,5,62.33,2406905.54,0.03,0.025,0.05,0.0024662698,0.0040741238,-99.753373,0.0,0.0,4656.45,3644.18,1012.27,4656.45,1012.27,7020.93,4858.91,4656.45,6208.6,,undefined
2037,6,62.42,2406607.72,0.03,0.025,0.05,0.0024662698,0.0040741238,-99.753373,0.0,0.0,4675.42,3659.03,1016.4,4675.42,1016.4,7020.14,4878.7,4675.42,6233.9,,undefined
2037,7,62.5,2406283.76,0.03,0.025,0.05,0.0024662698,0.0040741238,-99.753373,0.0,0.0,4694.47,3673.93,1020.54,4694.47,1020.54,7019.27,4898.58,4694.47,6259.3,,undefined
2037,8,62.58,2405933.51,0.03,0.025,0.05,0.0024662698,0.0040741238,-99.753373,0.0,0.0,4713.6,3688.9,1024.7,4713.6,1024.7,7018.33,4918.54,4713.6,6284.8,,undefined
2037,9,62.67,2405556.79,0.03,0.025,0.05,0.0024662698,0.0040741238,-99.753373,0.0,0.0,4732.8,3703.93,1028.87,4732.8,1028.87,7017.31,4938.58,4732.8,6310.4,,undefined
2037,10,62.75,2405153.43,0.03,0.025,0.05,0.0024662698,0.0040741238,-99.753373,0.0,0.0,4752.08,3719.02,1033.06,4752.08,1033.06,7016.21,4958.7,4752.08,6336.11,,undefined
2037,11,62.83,2404723.27,0.03,0.025,0.05,0.0024662698,0.0040741238,-99.753373,0.0,0.0,4771.44,3734.17,1037.27,4771.44,1037.27,7015.03,4978.9,4771.44,6361.92,,undefined
2037,12,62.92,2404266.12,0.03,0.025,0.05,0.0024662698,0.0040741238,-99.753373,0.0,0.0,4790.88,3749.39,1041.5,4790.88,1041.5,7013.78,4999.18,4790.88,6387.84,,undefined
2038,1,63.0,2403781.82,0.03,0.025,0.05,0.0024662698,0.0040741238,-99.753373,0.0,0.0,4810.4,3764.66,1045.74,4810.4,1045.74,7012.44,5019.55,4810.4,6413.87,,undefined
2038,2,63.08,2403270.19,0.03,0.025,0.05,0.0024662698,0.0040741238,-99.753373,0.0,0.0,4830.0,3780.0,1050.0,4830.0,1050.0,7011.03,5040.0,4830.0,6440.0,,undefined
2038,3,63.17,2402731.07,0.03,0.025,0.05,0.0024662698,0.0040741238,-99.753373,0.0,0.0,4849.68,3795.4,1054.28,4849.68,1054.28,7009.54,5060.53,4849.68,6466.24,,undefined
2038,4,63.25,2402164.27,0.03,0.025,0.05,0.0024662698,0.0040741238,-99.753373,0.0,0.0,4869.44,3810.86,1058.57,4869.44,1058.57,7007.97,5081.15,4869.44,6492.58,,undefined
2038,5,63.33,2401569.62,0.03,0.025,0.05,0.0024662698,0.0040741238,-99.753373,0.0,0.0,4889.27,3826.39,1062.89,4889.27,1062.89,7006.31,5101.85,4889.27,6519.03,,undefined
2038,6,63.42,2400946.95,0.03,0.025,0.05,0.0024662698,0.0040741238,-99.753373,0.0,0.0,4909.19,3841.98,1067.22,4909.19,1067.22,7004.58,5122.64,4909.19,6545.59,,undefined
2038,7,63.5,2400296.07,0.03,0.025,0.05,0.0024662698,0.0040741238,-99.753373,0.0,0.0,4929.2,3857.63,1071.56,4929.2,1071.56,7002.76,5143.51,4929.2,6572.26,,undefined
2038,8,63.58,2399616.81,0.03,0.025,0.05,0.0024662698,0.0040741238,-99.753373,0.0,0.0,4949.28,3873.35,1075.93,4949.28,1075.93,7000.86,5164.46,4949.28,6599.04,,undefined
2038,9,63.67,2398908.99,0.03,0.025,0.05,0.0024662698,0.0040741238,-99.753373,0.0,0.0,4969.44,3889.13,1080.31,4969.44,1080.31,6998.88,5185.5,4969.44,6625.92,,undefined
2038,10,63.75,2398172.43,0.03,0.025,0.05,0.0024662698,0.0040741238,-99.753373,0.0,0.0,4989.69,3904.97,1084.71,4989.69,1084.71,6996.82,5206.63,4989.69,6652.92,,undefined
2038,11,63.83,2397406.95,0.03,0.025,0.05,0.0024662698,0.0040741238,-99.753373,0.0,0.0,5010.02,3920.88,1089.13,5010.02,1089.13,6994.67,5227.84,5010.02,6680.02,,undefined
2038,12,63.92,2396612.37,0.03,0.025,0.05,0.0024662698,0.0040741238,-99.753373,0.0,0.0,5030.43,3936.86,1093.57,5030.43,1093.57,6992.44,5249.14,5030.43,6707.24,,undefined
2039,1,64.0,2395788.5,0.03,0.025,0.05,0.0024662698,0.0040741238,-99.753373,0.0,0.0,5050.92,3952.9,1098.03,5050.92,1098.03,6990.12,5270.53,5050.92,6734.56,,undefined
2039,2,64.08,2394935.16,0.03,0.025,0.05,0.0024662698,0.0040741238,-99.753373,0.0,0.0,5071.5,3969.0,1102.5,5071.5,1102.5,6987.72,5292.0,5071.5,6762.0,,undefined
2039,3,64.17,2394052.16,0.03,0.025,0.05,0.0024662698,0.0040741238,-99.753373,0.0,0.0,5092.16,3985.17,1106.99,5092.16,1106.99,6985.23,5313.56,5092.16,6789.55,,undefined
2039,4,64.25,2393139.33,0.03,0.025,0.05,0.0024662698,0.0040741238,-99.753373,0.0,0.0,5112.91,4001.41,1111.5,5112.91,1111.5,6982.65,5335.21,5112.91,6817.21,,undefined
2039,5,64.33,2392196.47,0.03,0.025,0.05,0.0024662698,0.0040741238,-99.753373,0.0,0.0,5133.74,4017.71,1116.03,5133.74,1116.03,6979.99,5356.94,5133.74,6844.98,,undefined
2039,6,64.42,2391223.4,0.03,0.025,0.05,0.0024662698,0.0040741238,-99.753373,0.0,0.0,5154.65,4034.08,1120.58,5154.65,1120.58,6977.24,5378.77,5154.65,6872.87,,undefined
2039,7,64.5,2390219.93,0.03,0.025,0.05,0.0024662698,0.0040741238,-99.753373,0.0,0.0,5175.65,4050.51,1125.14,5175.65,1125.14,6974.4,5400.68,5175.65,6900.87,,undefined
2039,8,64.58,2389185.87,0.03,0.025,0.05,0.0024662698,0.0040741238,-99.753373,0.0,0.0,5196.74,4067.01,1129.73,5196.74,1129.73,6971.47,5422.69,5196.74,6928.99,,undefined
2039,9,64.67,2388121.03,0.03,0.025,0.05,0.0024662698,0.0040741238,-99.753373,0.0,0.0,5217.91,4083.58,1134.33,5217.91,1134.33,6968.46,5444.78,5217.91,6957.22,,undefined
2039,10,64.75,2387045.43,0.03,0.025,0.05,0.0024662698,0.0040741238,-99.753373,0.0,0.0,5239.17,4100.22,1138.95,5224.01,1123.79,6965.35,5466.96,5224.01,6965.35,,undefined
2039,11,64.83,2385970.31,0.03,0.025,0.05,0.0024662698,0.0040741238,-99.753373,0.0,0.0,5260.52,4116.93,1143.59,5221.66,1104.74,6962.22,5489.23,5221.66,6962.22,,undefined
2039,12,64.92,2384895.68,0.03,0.025,0.05,0.0024662698,0.0040741238,-99.753373,0.0,0.0,5281.95,4133.7,1148.25,5219.31,1085.61,6959.08,5511.6,5219.31,6959.08,,undefined
2040,1,65.0,2383821.53,0.03,0.025,0.05,0.0024662698,0.0040741238,-99.753373,0.0,0.0,5303.47,4150.54,1152.93,5216.96,1066.42,6955.95,5534.05,5216.96,6955.95,,undefined
2040,2,65.08,2382747.86,0.03,0.025,0.05,0.0024662698,0.0040741238,-99.753373,0.0,0.0,5325.08,4167.45,1157.63,5214.61,1047.16,6952.81,5556.6,5214.61,6952.81,,undefined
2040,3,65.17,2381674.68,0.03,0.025,0.05,0.0024662698,0.0040741238,-99.753373,0.0,0.0,5346.77,4184.43,1162.34,5212.26,1027.83,6949.68,5579.24,5212.26,6949.68,,undefined
2040,4,65.25,2380601.98,0.03,0.025,0.05,0.0024662698,0.0040741238,-99.753373,0.0,0.0,5368.55,4201.48,1167.08,5209.91,1008.44,6946.55,5601.97,5209.91,6946.55,,undefined
2040,5,65.33,2379529.77,0.03,0.025,0.05,0.0024662698,0.0040741238,-99.753373,0.0,0.0,5390.43,4218.59,1171.83,5207.57,988.97,6943.42,5624.79,5207.57,6943.42,,undefined
2040,6,65.42,2378458.03,0.03,0.025,0.05,0.0024662698,0.0040741238,-99.753373,0.0,0.0,5412.39,4235.78,1176.61,5205.22,969.44,6940.3,5647.71,5205.22,6940.3,,undefined
2040,7,65.5,2377386.78,0.03,0.025,0.05,0.0024662698,0.0040741238,-99.753373,0.0,0.0,5434.44,4253.04,1181.4,5202.88,949.84,6937.17,5670.72,5202.88,6937.17,,undefined
2040,8,65.58,2376316.01,0.03,0.025,0.05,0.0024662698,0.0040741238,-99.753373,0.0,0.0,5456.58,4270.37,1186.21,5200.53,930.17,6934.04,5693.82,5200.53,6934.04,,undefined
2040,9,65.67,2375245.73,0.03,0.025,0.05,0.0024662698,0.0040741238,-99.753373,0.0,0.0,5478.81,4287.76,1191.05,5198.19,910.43,6930.92,5717.02,5198.19,6930.92,,undefined
2040,10,65.75,2374175.93,0.03,0.025,0.05,0.0024662698,0.0040741238,-99.753373,0.0,0.0,5501.13,4305.23,1195.9,5195.85,890.62,6927.8,5740.31,5195.85,6927.8,,undefined
2040,11,65.83,2373106.6,0.03,0.025,0.05,0.0024662698,0.0040741238,-99.753373,0.0,0.0,5523.54,4322.77,1200.77,5193.51,870.74,6924.68,5763.7,5193.51,6924.68,,undefined
2040,12,65.92,2372037.76,0.03,0.025,0.05,0.0024662698,0.0040741238,-99.753373,0.0,0.0,5546.05,4340.38,1205.66,5191.17,850.79,6921.56,5787.18,5191.17,6921.56,,undefined
2041,1,66.0,2370969.41,0.03,0.025,0.05,0.0024662698,0.0040741238,-99.753373,0.0,0.0,5568.64,4358.07,1210.57,5188.83,830.77,6918.44,5810.76,5188.83,6918.44,,undefined
2041,2,66.08,2369901.53,0.03,0.025,0.05,0.0024662698,0.0040741238,-99.753373,0.0,0.0,5591.33,4375.82,1215.51,5186.5,810.67,6915.33,5834.43,5186.5,6915.33,,undefined
2041,3,66.17,2368834.13,0.03,0.025,0.05,0.0024662698,0.0040741238,-99.753373,0.0,0.0,5614.11,4393.65,1220.46,5184.16,790.51,6912.21,5858.2,5184.16,6912.21,,undefined
2041,4,66.25,2367767.22,0.03,0.025,0.05,0.0024662698,0.0040741238,-99.753373,0.0,0.0,5636.98,4411.55,1225.43,5181.82,770.27,6909.1,5882.07,5181.82,6909.1,,undefined
2041,5,66.33,2366700.78,0.03,0.025,0.05,0.0024662698,0.0040741238,-99.753373,0.0,0.0,5659.95,4429.52,1230.42,5179.49,749.97,6905.99,5906.03,5179.49,6905.99,,undefined
2041,6,66.42,2365634.83,0.03,0.025,0.05,0.0024662698,0.0040741238,-99.753373,0.0,0.0,5683.01,4447.57,1235.44,5177.16,729.59,6902.88,5930.09,5177.16,6902.88,,undefined
2041,7,66.5,2364569.35,0.03,0.025,0.05,0.0024662698,0.0040741238,-99.753373,0.0,0.0,5706.16,4465.69,1240.47,5174.83,709.14,6899.77,5954.25,5174.83,6899.77,,undefined
2041,8,66.58,2363504.36,0.03,0.025,0.05,0.0024662698,0.0040741238,-99.753373,0.0,0.0,5729.41,4483.88,1245.52,5172.5,688.61,6896.66,5978.51,5172.5,6896.66,,undefined
2041,9,66.67,2362439.84,0.03,0.025,0.05,0.0024662698,0.0040741238,-99.753373,0.0,0.0,5752.75,4502.15,1250.6,5170.17,668.01,6893.55,6002.87,5170.17,6893.55,,undefined
2041,10,66.75,2361375.81,0.03,0.025,0.05,0.0024662698,0.0040741238,-99.753373,0.0,0.0,5776.19,4520.49,1255.69,5167.84,647.34,6890.45,6027.33,5167.84,6890.45,,undefined
2041,11,66.83,2360312.25,0.03,0.025,0.05,0.0024662698,0.0040741238,-99.753373,0.0,0.0,5799.72,4538.91,1260.81,5165.51,626.6,6887.35,6051.88,5165.51,6887.35,,undefined
2041,12,66.92,2359249.17,0.03,0.025,0.05,0.0024662698,0.0040741238,-99.753373,0.0,0.0,5823.35,4557.4,1265.95,5163.18,605.78,6884.24,6076.54,5163.18,6884.24,,undefined
2042,1,67.0,2358186.58,0.03,0.025,0.05,0.0024662698,0.0040741238,-99.753373,0.0,0.0,5847.07,4575.97,1271.1,5160.86,584.89,6881.14,6101.29,5160.86,6881.14,,undefined
2042,2,67.08,2357124.46,0.03,0.025,0.05,0.0024662698,0.0040741238,-99.753373,0.0,0.0,5870.9,4594.61,1276.28,5158.53,563.92,6878.04,6126.15,5158.53,6878.04,,undefined
2042,3,67.17,2356062.81,0.03,0.025,0.05,0.0024662698,0.0040741238,-99.753373,0.0,0.0,5894.81,4613.33,1281.48,5156.21,542.88,6874.95,6151.11,5156.21,6874.95,,undefined
2042,4,67.25,2355001.65,0.03,0.025,0.05,0.0024662698,0.0040741238,-99.753373,0.0,0.0,5918.83,4632.13,1286.7,5153.89,521.76,6871.85,6176.17,5153.89,6871.85,,undefined
2042,5,67.33,2353940.97,0.03,0.025,0.05,0.0024662698,0.0040741238,-99.753373,0.0,0.0,5942.94,4651.0,1291.94,5151.57,500.57,6868.75,6201.33,5151.57,6868.75,,undefined
2042,6,67.42,2352880.76,0.03,0.025,0.05,0.0024662698,0.0040741238,-99.753373,0.0,0.0,5967.16,4669.95,1297.21,5149.25,479.3,6865.66,6226.6,5149.25,6865.66,,undefined
2042,7,67.5,2351821.03,0.03,0.025,0.05,0.0024662698,0.0040741238,-99.753373,0.0,0.0,5991.47,4688.97,1302.49,5146.93,457.95,6862.57,6251.97,5146.93,6862.57,,undefined
2042,8,67.58,2350761.77,0.03,0.025,0.05,0.0024662698,0.0040741238,-99.753373,0.0,0.0,6015.88,4708.08,1307.8,5144.61,436.53,6859.48,6277.44,5144.61,6859.48,,undefined
2042,9,67.67,2349703.0,0.03,0.025,0.05,0.0024662698,0.0040741238,-99.753373,0.0,0.0,6040.39,4727.26,1313.13,5142.29,415.03,6856.39,6303.01,5142.29,6856.39,,undefined
2042,10,67.75,2348644.7,0.03,0.025,0.05,0.0024662698,0.0040741238,-99.753373,0.0,0.0,6065.0,4746.52,1318.48,5139.98,393.46,6853.3,6328.69,5139.98,6853.3,,undefined
2042,11,67.83,2347586.88,0.03,0.025,0.05,0.0024662698,0.0040741238,-99.753373,0.0,0.0,6089.71,4765.86,1323.85,5137.66,371.8,6850.21,6354.48,5137.66,6850.21,,undefined
2042,12,67.92,2346529.53,0.03,0.025,0.05,0.0024662698,0.0040741238,-99.753373,0.0,0.0,6114.52,4785.27,1329.24,5135.35,350.07,6847.13,6380.36,5135.35,6847.13,,undefined
2043,1,68.0,2345472.66,0.03,0.025,0.05,0.0024662698,0.0040741238,-99.753373,0.0,0.0,6139.43,4804.77,1334.66,5133.03,328.26,6844.04,6406.36,5133.03,6844.04,,undefined
2043,2,68.08,2344416.27,0.03,0.025,0.05,0.0024662698,0.0040741238,-99.753373,0.0,0.0,6164.44,4824.34,1340.1,5130.72,306.38,6840.96,6432.46,5130.72,6840.96,,undefined
2043,3,68.17,2343360.35,0.03,0.025,0.05,0.0024662698,0.0040741238,-99.753373,0.0,0.0,6189.55,4844.0,1345.56,5128.41,284.41,6837.88,6458.67,5128.41,6837.88,,undefined
2043,4,68.25,2342304.91,0.03,0.025,0.05,0.0024662698,0.0040741238,-99.753373,0.0,0.0,6214.77,4863.73,1351.04,5126.1,262.37,6834.8,6484.98,5126.1,6834.8,,undefined
2043,5,68.33,2341249.94,0.03,0.025,0.05,0.0024662698,0.0040741238,-99.753373,0.0,0.0,6240.09,4883.55,1356.54,5123.79,240.24,6831.72,6511.4,5123.79,6831.72,,undefined
2043,6,68.42,2340195.45,0.03,0.025,0.05,0.0024662698,0.0040741238,-99.753373,0.0,0.0,6265.51,4903.45,1362.07,5121.48,218.04,6828.65,6537.93,5121.48,6828.65,,undefined
2043,7,68.5,2339141.43,0.03,0.025,0.05,0.0024662698,0.0040741238,-99.753373,0.0,0.0,6291.04,4923.42,1367.62,5119.18,195.75,6825.57,6564.56,5119.18,6825.57,,undefined
2043,8,68.58,2338087.89,0.03,0.025,0.05,0.0024662698,0.0040741238,-99.753373,0.0,0.0,6316.67,4943.48,1373.19,5116.87,173.39,6822.5,6591.31,5116.87,6822.5,,undefined
2043,9,68.67,2337034.82,0.03,0.025,0.05,0.0024662698,0.0040741238,-99.753373,0.0,0.0,6342.41,4963.62,1378.78,5114.57,150.95,6819.42,6618.16,5114.57,6819.42,,undefined
2043,10,68.75,2335982.23,0.03,0.025,0.05,0.0024662698,0.0040741238,-99.753373,0.0,0.0,6368.25,4983.84,1384.4,5112.26,128.42,6816.35,6645.13,5112.26,6816.35,,undefined
2043,11,68.83,2334930.11,0.03,0.025,0.05,0.0024662698,0.0040741238,-99.753373,0.0,0.0,6394.19,5004.15,1390.04,5109.96,105.81,6813.28,6672.2,5109.96,6813.28,,undefined
2043,12,68.92,2333878.47,0.03,0.025,0.05,0.0024662698,0.0040741238,-99.753373,0.0,0.0,6420.24,5024.54,1395.7,5107.66,83.12,6810.21,6699.38,5107.66,6810.21,,undefined
2044,1,69.0,2332827.29,0.03,0.025,0.05,0.0024662698,0.0040741238,-99.753373,0.0,0.0,6446.4,5045.01,1401.39,5105.36,60.35,6807.15,6726.68,5105.36,6807.15,,undefined
2044,2,69.08,2331776.6,0.03,0.025,0.05,0.0024662698,0.0040741238,-99.753373,0.0,0.0,6472.66,5065.56,1407.1,5103.06,37.5,6804.08,6754.08,5103.06,6804.08,,undefined
2044,3,69.17,2330726.37,0.03,0.025,0.05,0.0024662698,0.0040741238,-99.753373,0.0,0.0,6499.03,5086.2,1412.83,5100.76,14.56,6801.02,6781.6,5100.76,6801.02,,undefined
2044,4,69.25,2329665.34,0.03,0.025,0.05,0.0024662698,0.0040741238,-99.753373,0.0,0.0,6525.51,5106.92,1418.59,5106.92,0.0,6797.95,6809.23,5106.92,6809.23,,undefined
2044,5,69.33,2328573.96,0.03,0.025,0.05,0.0024662698,0.0040741238,-99.753373,0.0,0.0,6552.1,5127.73,1424.37,5127.73,0.0,6794.86,6836.97,5127.73,6836.97,,undefined
2044,6,69.42,2327452.02,0.03,0.025,0.05,0.0024662698,0.0040741238,-99.753373,0.0,0.0,6578.79,5148.62,1430.17,5148.62,0.0,6791.67,6864.82,5148.62,6864.82,,undefined
2044,7,69.5,2326299.36,0.03,0.025,0.05,0.0024662698,0.0040741238,-99.753373,0.0,0.0,6605.59,5169.59,1436.0,5169.59,0.0,6788.4,6892.79,5169.59,6892.79,,undefined
2044,8,69.58,2325115.76,0.03,0.025,0.05,0.0024662698,0.0040741238,-99.753373,0.0,0.0,6632.5,5190.66,1441.85,5190.66,0.0,6785.04,6920.87,5190.66,6920.87,,undefined
2044,9,69.67,2323901.05,0.03,0.025,0.05,0.0024662698,0.0040741238,-99.753373,0.0,0.0,6659.53,5211.8,1447.72,5211.8,0.0,6781.59,6949.07,5211.8,6949.07,,undefined
2044,10,69.75,2322655.04,0.03,0.025,0.05,0.0024662698,0.0040741238,-99.753373,0.0,0.0,6686.66,5233.04,1453.62,5233.04,0.0,6778.04,6977.38,5233.04,6977.38,,undefined
2044,11,69.83,2321377.52,0.03,0.025,0.05,0.0024662698,0.0040741238,-99.753373,0.0,0.0,6713.9,5254.36,1459.54,5254.36,0.0,6774.41,7005.81,5254.36,7005.81,,undefined
2044,12,69.92,2320068.32,0.03,0.025,0.05,0.0024662698,0.0040741238,-99.753373,0.0,0.0,6741.25,5275.76,1465.49,5275.76,0.0,6770.68,7034.35,5275.76,7034.35,,undefined
2045,1,70.0,2318727.22,0.03,0.025,0.05,0.0024662698,0.0040741238,-99.753373,0.0,0.0,6768.72,5297.26,1471.46,5297.26,0.0,6766.87,7063.01,5297.26,7063.01,,undefined
2045,2,70.08,2317354.04,0.03,0.025,0.05,0.0024662698,0.0040741238,-99.753373,0.0,0.0,6796.3,5318.84,1477.46,5318.84,0.0,6762.95,7091.79,5318.84,7091.79,,undefined
2045,3,70.17,2315948.58,0.03,0.025,0.05,0.0024662698,0.0040741238,-99.753373,0.0,0.0,6823.98,5340.51,1483.47,5340.51,0.0,6758.95,7120.68,5340.51,7120.68,,undefined
2045,4,70.25,2314510.65,0.03,0.025,0.05,0.0024662698,0.0040741238,-99.753373,0.0,0.0,6851.79,5362.27,1489.52,5362.27,0.0,6754.85,7149.69,5362.27,7149.69,,undefined
2045,5,70.33,2313040.04,0.03,0.025,0.05,0.0024662698,0.0040741238,-99.753373,0.0,0.0,6879.7,5384.11,1495.59,5384.11,0.0,6750.66,7178.82,5384.11,7178.82,,undefined
2045,6,70.42,2311536.55,0.03,0.025,0.05,0.0024662698,0.0040741238,-99.753373,0.0,0.0,6907.73,5406.05,1501.68,5406.05,0.0,6746.37,7208.07,5406.05,7208.07,,undefined
2045,7,70.5,2309999.99,0.03,0.025,0.05,0.0024662698,0.0040741238,-99.753373,0.0,0.0,6935.87,5428.07,1507.8,5428.07,0.0,6741.98,7237.43,5428.07,7237.43,,undefined
2045,8,70.58,2308430.16,0.03,0.025,0.05,0.0024662698,0.0040741238,-99.753373,0.0,0.0,6964.13,5450.19,1513.94,5450.19,0.0,6737.5,7266.92,5450.19,7266.92,,undefined
2045,9,70.67,2306826.84,0.03,0.025,0.05,0.0024662698,0.0040741238,-99.753373,0.0,0.0,6992.5,5472.39,1520.11,5472.39,0.0,6732.92,7296.52,5472.39,7296.52,,undefined
2045,10,70.75,2305189.85,0.03,0.025,0.05,0.0024662698,0.0040741238,-99.753373,0.0,0.0,7020.99,5494.69,1526.3,5494.69,0.0,6728.24,7326.25,5494.69,7326.25,,undefined
2045,11,70.83,2303518.97,0.03,0.025,0.05,0.0024662698,0.0040741238,-99.753373,0.0,0.0,7049.6,5517.07,1532.52,5517.07,0.0,6723.47,7356.1,5517.07,7356.1,,undefined
2045,12,70.92,2301814.0,0.03,0.025,0.05,0.0024662698,0.0040741238,-99.753373,0.0,0.0,7078.32,5539.55,1538.76,5539.55,0.0,6718.6,7386.07,5539.55,7386.07,,undefined
2046,1,71.0,2300074.73,0.03,0.025,0.05,0.0024662698,0.0040741238,-99.753373,0.0,0.0,7107.15,5562.12,1545.03,5562.12,0.0,6713.62,7416.16,5562.12,7416.16,,undefined
2046,2,71.08,2298300.96,0.03,0.025,0.05,0.0024662698,0.0040741238,-99.753373,0.0,0.0,7136.11,5584.78,1551.33,5584.78,0.0,6708.55,7446.38,5584.78,7446.38,,undefined
2046,3,71.17,2296492.48,0.03,0.025,0.05,0.0024662698,0.0040741238,-99.753373,0.0,0.0,7165.18,5607.53,1557.65,5607.53,0.0,6703.38,7476.71,5607.53,7476.71,,undefined
2046,4,71.25,2294649.07,0.03,0.025,0.05,0.0024662698,0.0040741238,-99.753373,0.0,0.0,7194.38,5630.38,1563.99,5630.38,0.0,6698.1,7507.17,5630.38,7507.17,,undefined
2046,5,71.33,2292770.54,0.03,0.025,0.05,0.0024662698,0.0040741238,-99.753373,0.0,0.0,7223.69,5653.32,1570.37,5653.32,0.0,6692.73,7537.76,5653.32,7537.76,,undefined
2046,6,71.42,2290856.66,0.03,0.025,0.05,0.0024662698,0.0040741238,-99.753373,0.0,0.0,7253.12,5676.35,1576.76,5676.35,0.0,6687.25,7568.47,5676.35,7568.47,,undefined
2046,7,71.5,2288907.23,0.03,0.025,0.05,0.0024662698,0.0040741238,-99.753373,0.0,0.0,7282.67,5699.48,1583.19,5699.48,0.0,6681.67,7599.3,5699.48,7599.3,,undefined
2046,8,71.58,2286922.03,0.03,0.025,0.05,0.0024662698,0.0040741238,-99.753373,0.0,0.0,7312.34,5722.7,1589.64,5722.7,0.0,6675.98,7630.26,5722.7,7630.26,,undefined
2046,9,71.67,2284900.84,0.03,0.025,0.05,0.0024662698,0.0040741238,-99.753373,0.0,0.0,7342.13,5746.01,1596.11,5746.01,0.0,6670.19,7661.35,5746.01,7661.35,,undefined
2046,10,71.75,2282843.46,0.03,0.025,0.05,0.0024662698,0.0040741238,-99.753373,0.0,0.0,7372.04,5769.42,1602.62,5769.42,0.0,6664.29,7692.56,5769.42,7692.56,,undefined
2046,11,71.83,2280749.66,0.03,0.025,0.05,0.0024662698,0.0040741238,-99.753373,0.0,0.0,7402.08,5792.93,1609.15,5792.93,0.0,6658.29,7723.9,5792.93,7723.9,,undefined
2046,12,71.92,2278619.23,0.03,0.025,0.05,0.0024662698,0.0040741238,-99.753373,0.0,0.0,7432.23,5816.53,1615.7,5816.53,0.0,6652.19,7755.37,5816.53,7755.37,,undefined
2047,1,72.0,2276451.95,0.03,0.025,0.05,0.0024662698,0.0040741238,-99.753373,0.0,0.0,7462.51,5840.23,1622.29,5840.23,0.0,6645.97,7786.97,5840.23,7786.97,,undefined
2047,2,72.08,2281399.37,0.06,0.02,0.025,0.0048675506,0.0020598363,-99.513245,0.0,0.0,4600.0,3600.0,1000.0,4600.0,1000.0,6639.65,4800.0,4600.0,6133.33,Late Recovery,updated_assumptions.expected_return=0.06
2047,3,72.17,2286358.23,0.06,0.02,0.025,0.0048675506,0.0020598363,-99.513245,0.0,0.0,4609.48,3607.42,1002.06,4609.48,1002.06,6654.08,4809.89,4609.48,6145.97,,undefined
2047,4,72.25,2291328.56,0.06,0.02,0.025,0.0048675506,0.0020598363,-99.513245,0.0,0.0,4618.97,3614.85,1004.12,4618.97,1004.12,6668.54,4819.79,4618.97,6158.63,,undefined
2047,5,72.33,2296310.41,0.06,0.02,0.025,0.0048675506,0.0020598363,-99.513245,0.0,0.0,4628.48,3622.29,1006.19,4628.48,1006.19,6683.04,4829.72,4628.48,6171.31,,undefined
2047,6,72.42,2301303.79,0.06,0.02,0.025,0.0048675506,0.0020598363,-99.513245,0.0,0.0,4638.02,3629.75,1008.26,4638.02,1008.26,6697.57,4839.67,4638.02,6184.02,,undefined
2047,7,72.5,2306308.74,0.06,0.02,0.025,0.0048675506,0.0020598363,-99.513245,0.0,0.0,4647.57,3637.23,1010.34,4647.57,1010.34,6712.14,4849.64,4647.57,6196.76,,undefined
2047,8,72.58,2311325.29,0.06,0.02,0.025,0.0048675506,0.0020598363,-99.513245,0.0,0.0,4657.15,3644.72,1012.42,4657.15,1012.42,6726.73,4859.63,4657.15,6209.53,,undefined
2047,9,72.67,2316353.46,0.06,0.02,0.025,0.0048675506,0.0020598363,-99.513245,0.0,0.0,4666.74,3652.23,1014.51,4666.74,1014.51,6741.37,4869.64,4666.74,6222.32,,undefined
2047,10,72.75,2321393.3,0.06,0.02,0.025,0.0048675506,0.0020598363,-99.513245,0.0,0.0,4676.35,3659.75,1016.6,4676.35,1016.6,6756.03,4879.67,4676.35,6235.13,,undefined
2047,11,72.83,2326444.82,0.06,0.02,0.025,0.0048675506,0.0020598363,-99.513245,0.0,0.0,4685.98,3667.29,1018.69,4685.98,1018.69,6770.73,4889.72,4685.98,6247.98,,undefined
2047,12,72.92,2331508.06,0.06,0.02,0.025,0.0048675506,0.0020598363,-99.513245,0.0,0.0,4695.64,3674.85,1020.79,4695.64,1020.79,6785.46,4899.79,4695.64,6260.85,,undefined
2048,1,73.0,2336583.05,0.06,0.02,0.025,0.0048675506,0.0020598363,-99.513245,0.0,0.0,4705.31,3682.41,1022.89,4705.31,1022.89,6800.23,4909.89,4705.31,6273.74,,undefined
2048,2,73.08,2341669.82,0.06,0.02,0.025,0.0048675506,0.0020598363,-99.513245,0.0,0.0,4715.0,3690.0,1025.0,4715.0,1025.0,6815.03,4920.0,4715.0,6286.67,,undefined
2048,3,73.17,2346768.4,0.06,0.02,0.025,0.0048675506,0.0020598363,-99.513245,0.0,0.0,4724.71,3697.6,1027.11,4724.71,1027.11,6829.87,4930.13,4724.71,6299.62,,undefined
2048,4,73.25,2351878.82,0.06,0.02,0.025,0.0048675506,0.0020598363,-99.513245,0.0,0.0,4734.44,3705.22,1029.23,4734.44,1029.23,6844.74,4940.29,4734.44,6312.59,,undefined
2048,5,73.33,2357001.11,0.06,0.02,0.025,0.0048675506,0.0020598363,-99.513245,0.0,0.0,4744.2,3712.85,1031.35,4744.2,1031.35,6859.65,4950.47,4744.2,6325.6,,undefined
2048,6,73.42,2362135.31,0.06,0.02,0.025,0.0048675506,0.0020598363,-99.513245,0.0,0.0,4753.97,3720.5,1033.47,4753.97,1033.47,6874.59,4960.66,4753.97,6338.62,,undefined
2048,7,73.5,2367281.44,0.06,0.02,0.025,0.0048675506,0.0020598363,-99.513245,0.0,0.0,4763.76,3728.16,1035.6,4763.76,1035.6,6889.56,4970.88,4763.76,6351.68,,undefined
2048,8,73.58,2372439.54,0.06,0.02,0.025,0.0048675506,0.0020598363,-99.513245,0.0,0.0,4773.57,3735.84,1037.73,4773.57,1037.73,6904.57,4981.12,4773.57,6364.76,,undefined
2048,9,73.67,2377609.63,0.06,0.02,0.025,0.0048675506,0.0020598363,-99.513245,0.0,0.0,4783.41,3743.54,1039.87,4783.41,1039.87,6919.62,4991.38,4783.41,6377.88,,undefined
2048,10,73.75,2382791.76,0.06,0.02,0.025,0.0048675506,0.0020598363,-99.513245,0.0,0.0,4793.26,3751.25,1042.01,4793.26,1042.01,6934.69,5001.66,4793.26,6391.01,,undefined
2048,11,73.83,2387985.94,0.06,0.02,0.025,0.0048675506,0.0020598363,-99.513245,0.0,0.0,4803.13,3758.97,1044.16,4803.13,1044.16,6949.81,5011.96,4803.13,6404.18,,undefined
2048,12,73.92,2393192.21,0.06,0.02,0.025,0.0048675506,0.0020598363,-99.513245,0.0,0.0,4813.03,3766.72,1046.31,4813.03,1046.31,6964.96,5022.29,4813.03,6417.37,,undefined
2049,1,74.0,2398410.61,0.06,0.02,0.025,0.0048675506,0.0020598363,-99.513245,0.0,0.0,4822.94,3774.48,1048.47,4822.94,1048.47,6980.14,5032.63,4822.94,6430.59,,undefined
2049,2,74.08,2403641.16,0.06,0.02,0.025,0.0048675506,0.0020598363,-99.513245,0.0,0.0,4832.87,3782.25,1050.62,4832.87,1050.62,6995.36,5043.0,4832.87,6443.83,,undefined
2049,3,74.17,2408883.9,0.06,0.02,0.025,0.0048675506,0.0020598363,-99.513245,0.0,0.0,4842.83,3790.04,1052.79,4842.83,1052.79,7010.62,5053.39,4842.83,6457.11,,undefined
2049,4,74.25,2414138.86,0.06,0.02,0.025,0.0048675506,0.0020598363,-99.513245,0.0,0.0,4852.81,3797.85,1054.96,4852.81,1054.96,7025.91,5063.8,4852.81,6470.41,,undefined
2049,5,74.33,2419406.06,0.06,0.02,0.025,0.0048675506,0.0020598363,-99.513245,0.0,0.0,4862.8,3805.67,1057.13,4862.8,1057.13,7041.24,5074.23,4862.8,6483.74,,undefined
2049,6,74.42,2424685.56,0.06,0.02,0.025,0.0048675506,0.0020598363,-99.513245,0.0,0.0,4872.82,3813.51,1059.31,4872.82,1059.31,7056.6,5084.68,4872.82,6497.09,,undefined
2049,7,74.5,2429977.36,0.06,0.02,0.025,0.0048675506,0.0020598363,-99.513245,0.0,0.0,4882.86,3821.36,1061.49,4882.86,1061.49,7072.0,5095.15,4882.86,6510.47,,undefined
2049,8,74.58,2435281.52,0.06,0.02,0.025,0.0048675506,0.0020598363,-99.513245,0.0,0.0,4892.91,3829.24,1063.68,4892.91,1063.68,7087.43,5105.65,4892.91,6523.88,,undefined
2049,9,74.67,2440598.05,0.06,0.02,0.025,0.0048675506,0.0020598363,-99.513245,0.0,0.0,4902.99,3837.12,1065.87,4902.99,1065.87,7102.9,5116.17,4902.99,6537.32,,undefined
2049,10,74.75,2445927.0,0.06,0.02,0.025,0.0048675506,0.0020598363,-99.513245,0.0,0.0,4913.09,3845.03,1068.06,4913.09,1068.06,7118.41,5126.7,4913.09,6550.79,,undefined
2049,11,74.83,2451268.39,0.06,0.02,0.025,0.0048675506,0.0020598363,-99.513245,0.0,0.0,4923.21,3852.95,1070.26,4923.21,1070.26,7133.95,5137.26,4923.21,6564.28,,undefined
2049,12,74.92,2456622.26,0.06,0.02,0.025,0.0048675506,0.0020598363,-99.513245,0.0,0.0,4933.35,3860.88,1072.47,4933.35,1072.47,7149.53,5147.85,4933.35,6577.8,,undefined
2050,1,75.0,2461988.64,0.06,0.02,0.025,0.0048675506,0.0020598363,-99.513245,0.0,0.0,4943.51,3868.84,1074.68,4943.51,1074.68,7165.15,5158.45,4943.51,6591.35,,undefined
2050,2,75.08,2467367.56,0.06,0.02,0.025,0.0048675506,0.0020598363,-99.513245,0.0,0.0,4953.7,3876.81,1076.89,4953.7,1076.89,7180.8,5169.07,4953.7,6604.93,,undefined
2050,3,75.17,2472759.07,0.06,0.02,0.025,0.0048675506,0.0020598363,-99.513245,0.0,0.0,4963.9,3884.79,1079.11,4963.9,1079.11,7196.49,5179.72,4963.9,6618.53,,undefined
2050,4,75.25,2478163.18,0.06,0.02,0.025,0.0048675506,0.0020598363,-99.513245,0.0,0.0,4974.13,3892.79,1081.33,4974.13,1081.33,7212.21,5190.39,4974.13,6632.17,,undefined
2050,5,75.33,2483579.93,0.06,0.02,0.025,0.0048675506,0.0020598363,-99.513245,0.0,0.0,4984.37,3900.81,1083.56,4984.37,1083.56,7227.98,5201.08,4984.37,6645.83,,undefined
2050,6,75.42,2489009.37,0.06,0.02,0.025,0.0048675506,0.0020598363,-99.513245,0.0,0.0,4994.64,3908.85,1085.79,4994.64,1085.79,7243.77,5211.8,4994.64,6659.52,,undefined
2050,7,75.5,2494451.51,0.06,0.02,0.025,0.0048675506,0.0020598363,-99.513245,0.0,0.0,5004.93,3916.9,1088.03,5004.93,1088.03,7259.61,5222.53,5004.93,6673.24,,undefined
2050,8,75.58,2499906.4,0.06,0.02,0.025,0.0048675506,0.0020598363,-99.513245,0.0,0.0,5015.24,3924.97,1090.27,5015.24,1090.27,7275.48,5233.29,5015.24,6686.98,,undefined
2050,9,75.67,2505374.06,0.06,0.02,0.025,0.0048675506,0.0020598363,-99.513245,0.0,0.0,5025.57,3933.05,1092.51,5025.57,1092.51,7291.39,5244.07,5025.57,6700.76,,undefined
2050,10,75.75,2510854.54,0.06,0.02,0.025,0.0048675506,0.0020598363,-99.513245,0.0,0.0,5035.92,3941.15,1094.76,5035.92,1094.76,7307.34,5254.87,5035.92,6714.56,,undefined
2050,11,75.83,2516347.86,0.06,0.02,0.025,0.0048675506,0.0020598363,-99.513245,0.0,0.0,5046.29,3949.27,1097.02,5046.29,1097.02,7323.33,5265.7,5046.29,6728.39,,undefined
2050,12,75.92,2521854.07,0.06,0.02,0.025,0.0048675506,0.0020598363,-99.513245,0.0,0.0,5056.69,3957.41,1099.28,5056.69,1099.28,7339.35,5276.54,5056.69,6742.25,,undefined
2051,1,76.0,2527373.18,0.06,0.02,0.025,0.0048675506,0.0020598363,-99.513245,0.0,0.0,5067.1,3965.56,1101.54,5067.1,1101.54,7355.41,5287.41,5067.1,6756.14,,undefined
2051,2,76.08,2532905.25,0.06,0.02,0.025,0.0048675506,0.0020598363,-99.513245,0.0,0.0,5077.54,3973.73,1103.81,5077.54,1103.81,7371.51,5298.3,5077.54,6770.05,,undefined
2051,3,76.17,2538450.29,0.06,0.02,0.025,0.0048675506,0.0020598363,-99.513245,0.0,0.0,5088.0,3981.91,1106.09,5088.0,1106.09,7387.64,5309.22,5088.0,6784.0,,undefined
2051,4,76.25,2544008.36,0.06,0.02,0.025,0.0048675506,0.0020598363,-99.513245,0.0,0.0,5098.48,3990.11,1108.36,5098.48,1108.36,7403.81,5320.15,5098.48,6797.97,,undefined
2051,5,76.33,2549579.47,0.06,0.02,0.025,0.0048675506,0.0020598363,-99.513245,0.0,0.0,5108.98,3998.33,1110.65,5108.98,1110.65,7420.02,5331.11,5108.98,6811.97,,undefined
2051,6,76.42,2555163.67,0.06,0.02,0.025,0.0048675506,0.0020598363,-99.513245,0.0,0.0,5119.5,4006.57,1112.94,5119.5,1112.94,7436.27,5342.09,5119.5,6826.01,,undefined
2051,7,76.5,2560761.0,0.06,0.02,0.025,0.0048675506,0.0020598363,-99.513245,0.0,0.0,5130.05,4014.82,1115.23,5130.05,1115.23,7452.56,5353.1,5130.05,6840.07,,undefined
2051,8,76.58,2566371.47,0.06,0.02,0.025,0.0048675506,0.0020598363,-99.513245,0.0,0.0,5140.62,4023.09,1117.53,5140.62,1117.53,7468.89,5364.12,5140.62,6854.16,,undefined
2051,9,76.67,2571995.14,0.06,0.02,0.025,0.0048675506,0.0020598363,-99.513245,0.0,0.0,5151.21,4031.38,1119.83,5151.21,1119.83,7485.25,5375.17,5151.21,6868.27,,undefined
2051,10,76.75,2577632.04,0.06,0.02,0.025,0.0048675506,0.0020598363,-99.513245,0.0,0.0,5161.82,4039.68,1122.13,5161.82,1122.13,7501.65,5386.24,5161.82,6882.42,,undefined
2051,11,76.83,2583282.19,0.06,0.02,0.025,0.0048675506,0.0020598363,-99.513245,0.0,0.0,5172.45,4048.0,1124.45,5172.45,1124.45,7518.09,5397.34,5172.45,6896.6,,undefined
2051,12,76.92,2588945.65,0.06,0.02,0.025,0.0048675506,0.0020598363,-99.513245,0.0,0.0,5183.1,4056.34,1126.76,5183.1,1126.76,7534.57,5408.46,5183.1,6910.8,,undefined
2052,1,77.0,2594622.43,0.06,0.02,0.025,0.0048675506,0.0020598363,-99.513245,0.0,0.0,5193.78,4064.7,1129.08,5193.78,1129.08,7551.09,5419.6,5193.78,6925.04,,undefined
2052,2,77.08,2600312.58,0.06,0.02,0.025,0.0048675506,0.0020598363,-99.513245,0.0,0.0,5204.48,4073.07,1131.41,5204.48,1131.41,7567.65,5430.76,5204.48,6939.3,,undefined
2052,3,77.17,2606016.14,0.06,0.02,0.025,0.0048675506,0.0020598363,-99.513245,0.0,0.0,5215.2,4081.46,1133.74,5215.2,1133.74,7584.25,5441.95,5215.2,6953.6,,undefined
2052,4,77.25,2611733.13,0.06,0.02,0.025,0.0048675506,0.0020598363,-99.513245,0.0,0.0,5225.94,4089.87,1136.07,5225.94,1136.07,7600.88,5453.16,5225.94,6967.92,,undefined
2052,5,77.33,2617463.6,0.06,0.02,0.025,0.0048675506,0.0020598363,-99.513245,0.0,0.0,5236.71,4098.29,1138.41,5236.71,1138.41,7617.55,5464.39,5236.71,6982.27,,undefined
2052,6,77.42,2623207.58,0.06,0.02,0.025,0.0048675506,0.0020598363,-99.513245,0.0,0.0,5247.49,4106.73,1140.76,5247.49,1140.76,7634.27,5475.64,5247.49,6996.66,,undefined
2052,7,77.5,2628965.11,0.06,0.02,0.025,0.0048675506,0.0020598363,-99.513245,0.0,0.0,5258.3,4115.19,1143.11,5258.3,1143.11,7651.02,5486.92,5258.3,7011.07,,undefined
2052,8,77.58,2634736.22,0.06,0.02,0.025,0.0048675506,0.0020598363,-99.513245,0.0,0.0,5269.13,4123.67,1145.46,5269.13,1145.46,7667.81,5498.22,5269.13,7025.51,,undefined
2052,9,77.67,2640520.95,0.06,0.02,0.025,0.0048675506,0.0020598363,-99.513245,0.0,0.0,5279.99,4132.16,1147.82,5279.99,1147.82,7684.65,5509.55,5279.99,7039.98,,undefined
2052,10,77.75,2646319.34,0.06,0.02,0.025,0.0048675506,0.0020598363,-99.513245,0.0,0.0,5290.86,4140.67,1150.19,5290.86,1150.19,7701.52,5520.9,5290.86,7054.48,,undefined
2052,11,77.83,2652131.42,0.06,0.02,0.025,0.0048675506,0.0020598363,-99.513245,0.0,0.0,5301.76,4149.2,1152.56,5301.76,1152.56,7718.43,5532.27,5301.76,7069.01,,undefined
2052,12,77.92,2657957.23,0.06,0.02,0.025,0.0048675506,0.0020598363,-99.513245,0.0,0.0,5312.68,4157.75,1154.93,5312.68,1154.93,7735.38,5543.67,5312.68,7083.57,,undefined
2053,1,78.0,2663796.81,0.06,0.02,0.025,0.0048675506,0.0020598363,-99.513245,0.0,0.0,5323.62,4166.31,1157.31,5323.62,1157.31,7752.38,5555.09,5323.62,7098.17,,undefined
2053,2,78.08,2669650.18,0.06,0.02,0.025,0.0048675506,0.0020598363,-99.513245,0.0,0.0,5334.59,4174.9,1159.69,5334.59,1159.69,7769.41,5566.53,5334.59,7112.79,,undefined
2053,3,78.17,2675517.4,0.06,0.02,0.025,0.0048675506,0.0020598363,-99.513245,0.0,0.0,5345.58,4183.5,1162.08,5345.58,1162.08,7786.48,5577.99,5345.58,7127.44,,undefined
2053,4,78.25,2681398.5,0.06,0.02,0.025,0.0048675506,0.0020598363,-99.513245,0.0,0.0,5356.59,4192.11,1164.48,5356.59,1164.48,7803.59,5589.48,5356.59,7142.12,,undefined
2053,5,78.33,2687293.51,0.06,0.02,0.025,0.0048675506,0.0020598363,-99.513245,0.0,0.0,5367.62,4200.75,1166.87,5367.62,1166.87,7820.75,5601.0,5367.62,7156.83,,undefined
2053,6,78.42,2693202.48,0.06,0.02,0.025,0.0048675506,0.0020598363,-99.513245,0.0,0.0,5378.68,4209.4,1169.28,5378.68,1169.28,7837.94,5612.53,5378.68,7171.57,,undefined
2053,7,78.5,2699125.43,0.06,0.02,0.025,0.0048675506,0.0020598363,-99.513245,0.0,0.0,5389.76,4218.07,1171.69,5389.76,1171.69,7855.17,5624.1,5389.76,7186.34,,undefined
2053,8,78.58,2705062.42,0.06,0.02,0.025,0.0048675506,0.0020598363,-99.513245,0.0,0.0,5400.86,4226.76,1174.1,5400.86,1174.1,7872.45,5635.68,5400.86,7201.15,,undefined
2053,9,78.67,2711013.46,0.06,0.02,0.025,0.0048675506,0.0020598363,-99.513245,0.0,0.0,5411.99,4235.47,1176.52,5411.99,1176.52,7889.77,5647.29,5411.99,7215.98,,undefined
2053,10,78.75,2716978.61,0.06,0.02,0.025,0.0048675506,0.0020598363,-99.513245,0.0,0.0,5423.13,4244.19,1178.94,5423.13,1178.94,7907.12,5658.92,5423.13,7230.84,,undefined
2053,11,78.83,2722957.91,0.06,0.02,0.025,0.0048675506,0.0020598363,-99.513245,0.0,0.0,5434.3,4252.93,1181.37,5434.3,1181.37,7924.52,5670.58,5434.3,7245.74,,undefined
2053,12,78.92,2728951.38,0.06,0.02,0.025,0.0048675506,0.0020598363,-99.513245,0.0,0.0,5445.5,4261.69,1183.8,5445.5,1183.8,7941.96,5682.26,5445.5,7260.66,,undefined
2054,1,79.0,2734959.07,0.06,0.02,0.025,0.0048675506,0.0020598363,-99.513245,0.0,0.0,5456.71,4270.47,1186.24,5456.71,1186.24,7959.44,5693.96,5456.71,7275.62,,undefined
2054,2,79.08,2740981.01,0.06,0.02,0.025,0.0048675506,0.0020598363,-99.513245,0.0,0.0,5467.95,4279.27,1188.69,5467.95,1188.69,7976.96,5705.69,5467.95,7290.61,,undefined
2054,3,79.17,2747017.25,0.06,0.02,0.025,0.0048675506,0.0020598363,-99.513245,0.0,0.0,5479.22,4288.08,1191.13,5479.22,1191.13,7994.53,5717.44,5479.22,7305.62,,undefined
2054,4,79.25,2753067.83,0.06,0.02,0.025,0.0048675506,0.0020598363,-99.513245,0.0,0.0,5490.5,4296.92,1193.59,5490.5,1193.59,8012.13,5729.22,5490.5,7320.67,,undefined
2054,5,79.33,2759132.77,0.06,0.02,0.025,0.0048675506,0.0020598363,-99.513245,0.0,0.0,5501.81,4305.77,1196.05,5501.81,1196.05,8029.78,5741.02,5501.81,7335.75,,undefined
2054,6,79.42,2765212.13,0.06,0.02,0.025,0.0048675506,0.0020598363,-99.513245,0.0,0.0,5513.15,4314.64,1198.51,5513.15,1198.51,8047.47,5752.85,5513.15,7350.86,,undefined
2054,7,79.5,2771305.94,0.06,0.02,0.025,0.0048675506,0.0020598363,-99.513245,0.0,0.0,5524.5,4323.52,1200.98,5524.5,1200.98,8065.2,5764.7,5524.5,7366.0,,undefined
2054,8,79.58,2777414.23,0.06,0.02,0.025,0.0048675506,0.0020598363,-99.513245,0.0,0.0,5535.88,4332.43,1203.45,5535.88,1203.45,8082.98,5776.57,5535.88,7381.18,,undefined
2054,9,79.67,2783537.06,0.06,0.02,0.025,0.0048675506,0.0020598363,-99.513245,0.0,0.0,5547.28,4341.35,1205.93,5547.28,1205.93,8100.79,5788.47,5547.28,7396.38,,undefined
2054,10,79.75,2789674.45,0.06,0.02,0.025,0.0048675506,0.0020598363,-99.513245,0.0,0.0,5558.71,4350.3,1208.42,5558.71,1208.42,8118.65,5800.39,5558.71,7411.62,,undefined
2054,11,79.83,2795826.45,0.06,0.02,0.025,0.0048675506,0.0020598363,-99.513245,0.0,0.0,5570.16,4359.26,1210.9,5570.16,1210.9,8136.55,5812.34,5570.16,7426.88,,undefined
2054,12,79.92,2801993.09,0.06,0.02,0.025,0.0048675506,0.0020598363,-99.513245,0.0,0.0,5581.64,4368.24,1213.4,5581.64,1213.4,8154.49,5824.31,5581.64,7442.18,,undefined
2055,1,80.0,2808174.43,0.06,0.02,0.025,0.0048675506,0.0020598363,-99.513245,0.0,0.0,5593.13,4377.23,1215.9,5593.13,1215.9,8172.48,5836.31,5593.13,7457.51,,undefined
2055,2,80.08,2814370.49,0.06,0.02,0.025,0.0048675506,0.0020598363,-99.513245,0.0,0.0,5604.65,4386.25,1218.4,5604.65,1218.4,8190.51,5848.33,5604.65,7472.87,,undefined
2055,3,80.17,2820581.31,0.06,0.02,0.025,0.0048675506,0.0020598363,-99.513245,0.0,0.0,5616.2,4395.29,1220.91,5616.2,1220.91,8208.58,5860.38,5616.2,7488.26,,undefined
2055,4,80.25,2826806.95,0.06,0.02,0.025,0.0048675506,0.0020598363,-99.513245,0.0,0.0,5627.77,4404.34,1223.43,5627.77,1223.43,8226.7,5872.45,5627.77,7503.69,,undefined
2055,5,80.33,2833047.43,0.06,0.02,0.025,0.0048675506,0.0020598363,-99.513245,0.0,0.0,5639.36,4413.41,1225.95,5639.36,1225.95,8244.85,5884.55,5639.36,7519.14,,undefined
2055,6,80.42,2839302.8,0.06,0.02,0.025,0.0048675506,0.0020598363,-99.513245,0.0,0.0,5650.97,4422.5,1228.47,5650.97,1228.47,8263.05,5896.67,5650.97,7534.63,,undefined
2055,7,80.5,2845573.09,0.06,0.02,0.025,0.0048675506,0.0020598363,-99.513245,0.0,0.0,5662.61,4431.61,1231.0,5662.61,1231.0,8281.3,5908.82,5662.61,7550.15,,undefined
2055,8,80.58,2851858.36,0.06,0.02,0.025,0.0048675506,0.0020598363,-99.513245,0.0,0.0,5674.28,4440.74,1233.54,5674.28,1233.54,8299.59,5920.99,5674.28,7565.71,,undefined
2055,9,80.67,2858158.63,0.06,0.02,0.025,0.0048675506,0.0020598363,-99.513245,0.0,0.0,5685.97,4449.89,1236.08,5685.97,1236.08,8317.92,5933.18,5685.97,7581.29,,undefined
2055,10,80.75,2864473.96,0.06,0.02,0.025,0.0048675506,0.0020598363,-99.513245,0.0,0.0,5697.68,4459.05,1238.63,5697.68,1238.63,8336.3,5945.4,5697.68,7596.91,,undefined
2055,11,80.83,2870804.38,0.06,0.02,0.025,0.0048675506,0.0020598363,-99.513245,0.0,0.0,5709.42,4468.24,1241.18,5709.42,1241.18,8354.72,5957.65,5709.42,7612.55,,undefined
2055,12,80.92,2877149.93,0.06,0.02,0.025,0.0048675506,0.0020598363,-99.513245,0.0,0.0,5721.18,4477.44,1243.73,5721.18,1243.73,8373.18,5969.92,5721.18,7628.23,,undefined
2056,1,81.0,2883510.65,0.06,0.02,0.025,0.0048675506,0.0020598363,-99.513245,0.0,0.0,5732.96,4486.66,1246.3,5732.96,1246.3,8391.69,5982.22,5732.96,7643.95,,undefined
2056,2,81.08,2889886.59,0.06,0.02,0.025,0.0048675506,0.0020598363,-99.513245,0.0,0.0,5744.77,4495.91,1248.86,5744.77,1248.86,8410.24,5994.54,5744.77,7659.69,,undefined
2056,3,81.17,2896277.79,0.06,0.02,0.025,0.0048675506,0.0020598363,-99.513245,0.0,0.0,5756.6,4505.17,1251.44,5756.6,1251.44,8428.84,6006.89,5756.6,7675.47,,undefined
2056,4,81.25,2902684.29,0.06,0.02,0.025,0.0048675506,0.0020598363,-99.513245,0.0,0.0,5768.46,4514.45,1254.01,5768.46,1254.01,8447.48,6019.26,5768.46,7691.28,,undefined
2056,5,81.33,2909106.13,0.06,0.02,0.025,0.0048675506,0.0020598363,-99.513245,0.0,0.0,5780.34,4523.75,1256.6,5780.34,1256.6,8466.16,6031.66,5780.34,7707.12,,undefined
2056,6,81.42,2915543.35,0.06,0.02,0.025,0.0048675506,0.0020598363,-99.513245,0.0,0.0,5792.25,4533.06,1259.18,5792.25,1259.18,8484.89,6044.09,5792.25,7723.0,,undefined
2056,7,81.5,2921996.0,0.06,0.02,0.025,0.0048675506,0.0020598363,-99.513245,0.0,0.0,5804.18,4542.4,1261.78,5804.18,1261.78,8503.67,6056.54,5804.18,7738.91,,undefined
2056,8,81.58,2928464.12,0.06,0.02,0.025,0.0048675506,0.0020598363,-99.513245,0.0,0.0,5816.14,4551.76,1264.38,5816.14,1264.38,8522.49,6069.01,5816.14,7754.85,,undefined
2056,9,81.67,2934947.74,0.06,0.02,0.025,0.0048675506,0.0020598363,-99.513245,0.0,0.0,5828.12,4561.13,1266.98,5828.12,1266.98,8541.35,6081.51,5828.12,7770.82,,undefined
2056,10,81.75,2941446.92,0.06,0.02,0.025,0.0048675506,0.0020598363,-99.513245,0.0,0.0,5840.12,4570.53,1269.59,5840.12,1269.59,8560.26,6094.04,5840.12,7786.83,,undefined
2056,11,81.83,2947961.69,0.06,0.02,0.025,0.0048675506,0.0020598363,-99.513245,0.0,0.0,5852.15,4579.94,1272.21,5852.15,1272.21,8579.22,6106.59,5852.15,7802.87,,undefined
2056,12,81.92,2954492.1,0.06,0.02,0.025,0.0048675506,0.0020598363,-99.513245,0.0,0.0,5864.21,4589.38,1274.83,5864.21,1274.83,8598.22,6119.17,5864.21,7818.94,,undefined
2057,1,82.0,2961038.2,0.06,0.02,0.025,0.0048675506,0.0020598363,-99.513245,0.0,0.0,5876.28,4598.83,1277.45,5876.28,1277.45,8617.27,6131.78,5876.28,7835.05,,undefined
2057,2,82.08,2967600.02,0.06,0.02,0.025,0.0048675506,0.0020598363,-99.513245,0.0,0.0,5888.39,4608.3,1280.08,5888.39,1280.08,8636.36,6144.41,5888.39,7851.19,,undefined
2057,3,82.17,2974177.6,0.06,0.02,0.025,0.0048675506,0.0020598363,-99.513245,0.0,0.0,5900.52,4617.8,1282.72,5900.52,1282.72,8655.5,6157.06,5900.52,7867.36,,undefined
2057,4,82.25,2983693.48,0.065,0.02,0.025,0.0052616943,0.0020598363,-99.473831,0.0,0.0,4600.0,3600.0,1000.0,4600.0,1000.0,8674.68,4800.0,4600.0,6133.33,Scenario Ends (reload base assumptions),reset.base.expected_return=0.065
2057,5,82.33,2993246.8,0.065,0.02,0.025,0.0052616943,0.0020598363,-99.473831,0.0,0.0,4609.48,3607.42,1002.06,4609.48,1002.06,8702.44,4809.89,4609.48,6145.97,,undefined
2057,6,82.42,3002837.72,0.065,0.02,0.025,0.0052616943,0.0020598363,-99.473831,0.0,0.0,4618.97,3614.85,1004.12,4618.97,1004.12,8730.3,4819.79,4618.97,6158.63,,undefined
2057,7,82.5,3012466.42,0.065,0.02,0.025,0.0052616943,0.0020598363,-99.473831,0.0,0.0,4628.48,3622.29,1006.19,4628.48,1006.19,8758.28,4829.72,4628.48,6171.31,,undefined
2057,8,82.58,3022133.07,0.065,0.02,0.025,0.0052616943,0.0020598363,-99.473831,0.0,0.0,4638.02,3629.75,1008.26,4638.02,1008.26,8786.36,4839.67,4638.02,6184.02,,undefined
2057,9,82.67,3031837.85,0.065,0.02,0.025,0.0052616943,0.0020598363,-99.473831,0.0,0.0,4647.57,3637.23,1010.34,4647.57,1010.34,8814.55,4849.64,4647.57,6196.76,,undefined
2057,10,82.75,3041580.93,0.065,0.02,0.025,0.0052616943,0.0020598363,-99.473831,0.0,0.0,4657.15,3644.72,1012.42,4657.15,1012.42,8842.86,4859.63,4657.15,6209.53,,undefined
2057,11,82.83,3051362.48,0.065,0.02,0.025,0.0052616943,0.0020598363,-99.473831,0.0,0.0,4666.74,3652.23,1014.51,4666.74,1014.51,8871.28,4869.64,4666.74,6222.32,,undefined
2057,12,82.92,3061182.68,0.065,0.02,0.025,0.0052616943,0.0020598363,-99.473831,0.0,0.0,4676.35,3659.75,1016.6,4676.35,1016.6,8899.81,4879.67,4676.35,6235.13,,undefined
2058,1,83.0,3071041.71,0.065,0.02,0.025,0.0052616943,0.0020598363,-99.473831,0.0,0.0,4685.98,3667.29,1018.69,4685.98,1018.69,8928.45,4889.72,4685.98,6247.98,,undefined
2058,2,83.08,3080939.75,0.065,0.02,0.025,0.0052616943,0.0020598363,-99.473831,0.0,0.0,4695.64,3674.85,1020.79,4695.64,1020.79,8957.2,4899.79,4695.64,6260.85,,undefined
2058,3,83.17,3090876.97,0.065,0.02,0.025,0.0052616943,0.0020598363,-99.473831,0.0,0.0,4705.31,3682.41,1022.89,4705.31,1022.89,8986.07,4909.89,4705.31,6273.74,,undefined
2058,4,83.25,3100853.55,0.065,0.02,0.025,0.0052616943,0.0020598363,-99.473831,0.0,0.0,4715.0,3690.0,1025.0,4715.0,1025.0,9015.06,4920.0,4715.0,6286.67,,undefined
2058,5,83.33,3110869.68,0.065,0.02,0.025,0.0052616943,0.0020598363,-99.473831,0.0,0.0,4724.71,3697.6,1027.11,4724.71,1027.11,9044.16,4930.13,4724.71,6299.62,,undefined
2058,6,83.42,3120925.53,0.065,0.02,0.025,0.0052616943,0.0020598363,-99.473831,0.0,0.0,4734.44,3705.22,1029.23,4734.44,1029.23,9073.37,4940.29,4734.44,6312.59,,undefined
2058,7,83.5,3131021.29,0.065,0.02,0.025,0.0052616943,0.0020598363,-99.473831,0.0,0.0,4744.2,3712.85,1031.35,4744.2,1031.35,9102.7,4950.47,4744.2,6325.6,,undefined
2058,8,83.58,3141157.14,0.065,0.02,0.025,0.0052616943,0.0020598363,-99.473831,0.0,0.0,4753.97,3720.5,1033.47,4753.97,1033.47,9132.15,4960.66,4753.97,6338.62,,undefined
2058,9,83.67,3151333.27,0.065,0.02,0.025,0.0052616943,0.0020598363,-99.473831,0.0,0.0,4763.76,3728.16,1035.6,4763.76,1035.6,9161.71,4970.88,4763.76,6351.68,,undefined
2058,10,83.75,3161549.86,0.065,0.02,0.025,0.0052616943,0.0020598363,-99.473831,0.0,0.0,4773.57,3735.84,1037.73,4773.57,1037.73,9191.39,4981.12,4773.57,6364.76,,undefined
2058,11,83.83,3171807.09,0.065,0.02,0.025,0.0052616943,0.0020598363,-99.473831,0.0,0.0,4783.41,3743.54,1039.87,4783.41,1039.87,9221.19,4991.38,4783.41,6377.88,,undefined
2058,12,83.92,3182105.16,0.065,0.02,0.025,0.0052616943,0.0020598363,-99.473831,0.0,0.0,4793.26,3751.25,1042.01,4793.26,1042.01,9251.1,5001.66,4793.26,6391.01,,undefined
2059,1,84.0,3192444.25,0.065,0.02,0.025,0.0052616943,0.0020598363,-99.473831,0.0,0.0,4803.13,3758.97,1044.16,4803.13,1044.16,9281.14,5011.96,4803.13,6404.18,,undefined
2059,2,84.08,3202824.54,0.065,0.02,0.025,0.0052616943,0.0020598363,-99.473831,0.0,0.0,4813.03,3766.72,1046.31,4813.03,1046.31,9311.3,5022.29,4813.03,6417.37,,undefined
2059,3,84.17,3213246.24,0.065,0.02,0.025,0.0052616943,0.0020598363,-99.473831,0.0,0.0,4822.94,3774.48,1048.47,4822.94,1048.47,9341.57,5032.63,4822.94,6430.59,,undefined
2059,4,84.25,3223709.52,0.065,0.02,0.025,0.0052616943,0.0020598363,-99.473831,0.0,0.0,4832.87,3782.25,1050.62,4832.87,1050.62,9371.97,5043.0,4832.87,6443.83,,undefined
2059,5,84.33,3234214.59,0.065,0.02,0.025,0.0052616943,0.0020598363,-99.473831,0.0,0.0,4842.83,3790.04,1052.79,4842.83,1052.79,9402.49,5053.39,4842.83,6457.11,,undefined
2059,6,84.42,3244761.63,0.065,0.02,0.025,0.0052616943,0.0020598363,-99.473831,0.0,0.0,4852.81,3797.85,1054.96,4852.81,1054.96,9433.13,5063.8,4852.81,6470.41,,undefined
2059,7,84.5,3255350.84,0.065,0.02,0.025,0.0052616943,0.0020598363,-99.473831,0.0,0.0,4862.8,3805.67,1057.13,4862.8,1057.13,9463.89,5074.23,4862.8,6483.74,,undefined
2059,8,84.58,3265982.41,0.065,0.02,0.025,0.0052616943,0.0020598363,-99.473831,0.0,0.0,4872.82,3813.51,1059.31,4872.82,1059.31,9494.77,5084.68,4872.82,6497.09,,undefined
2059,9,84.67,3276656.54,0.065,0.02,0.025,0.0052616943,0.0020598363,-99.473831,0.0,0.0,4882.86,3821.36,1061.49,4882.86,1061.49,9525.78,5095.15,4882.86,6510.47,,undefined
2059,10,84.75,3287373.42,0.065,0.02,0.025,0.0052616943,0.0020598363,-99.473831,0.0,0.0,4892.91,3829.24,1063.68,4892.91,1063.68,9556.91,5105.65,4892.91,6523.88,,undefined
2059,11,84.83,3298133.25,0.065,0.02,0.025,0.0052616943,0.0020598363,-99.473831,0.0,0.0,4902.99,3837.12,1065.87,4902.99,1065.87,9588.17,5116.17,4902.99,6537.32,,undefined
2059,12,84.92,3308936.23,0.065,0.02,0.025,0.0052616943,0.0020598363,-99.473831,0.0,0.0,4913.09,3845.03,1068.06,4913.09,1068.06,9619.56,5126.7,4913.09,6550.79,,undefined
2060,1,85.0,3319782.56,0.065,0.02,0.025,0.0052616943,0.0020598363,-99.473831,0.0,0.0,4923.21,3852.95,1070.26,4923.21,1070.26,9651.06,5137.26,4923.21,6564.28,,undefined
2060,2,85.08,3330672.44,0.065,0.02,0.025,0.0052616943,0.0020598363,-99.473831,0.0,0.0,4933.35,3860.88,1072.47,4933.35,1072.47,9682.7,5147.85,4933.35,6577.8,,undefined
2060,3,85.17,3341606.07,0.065,0.02,0.025,0.0052616943,0.0020598363,-99.473831,0.0,0.0,4943.51,3868.84,1074.68,4943.51,1074.68,9714.46,5158.45,4943.51,6591.35,,undefined
2060,4,85.25,3352583.65,0.065,0.02,0.025,0.0052616943,0.0020598363,-99.473831,0.0,0.0,4953.7,3876.81,1076.89,4953.7,1076.89,9746.35,5169.07,4953.7,6604.93,,undefined
2060,5,85.33,3363605.39,0.065,0.02,0.025,0.0052616943,0.0020598363,-99.473831,0.0,0.0,4963.9,3884.79,1079.11,4963.9,1079.11,9778.37,5179.72,4963.9,6618.53,,undefined
2060,6,85.42,3374671.48,0.065,0.02,0.025,0.0052616943,0.0020598363,-99.473831,0.0,0.0,4974.13,3892.79,1081.33,4974.13,1081.33,9810.52,5190.39,4974.13,6632.17,,undefined
2060,7,85.5,3385782.14,0.065,0.02,0.025,0.0052616943,0.0020598363,-99.473831,0.0,0.0,4984.37,3900.81,1083.56,4984.37,1083.56,9842.79,5201.08,4984.37,6645.83,,undefined
2060,8,85.58,3396937.57,0.065,0.02,0.025,0.0052616943,0.0020598363,-99.473831,0.0,0.0,4994.64,3908.85,1085.79,4994.64,1085.79,9875.2,5211.8,4994.64,6659.52,,undefined
2060,9,85.67,3408137.99,0.065,0.02,0.025,0.0052616943,0.0020598363,-99.473831,0.0,0.0,5004.93,3916.9,1088.03,5004.93,1088.03,9907.73,5222.53,5004.93,6673.24,,undefined
2060,10,85.75,3419383.59,0.065,0.02,0.025,0.0052616943,0.0020598363,-99.473831,0.0,0.0,5015.24,3924.97,1090.27,5015.24,1090.27,9940.4,5233.29,5015.24,6686.98,,undefined
2060,11,85.83,3430674.58,0.065,0.02,0.025,0.0052616943,0.0020598363,-99.473831,0.0,0.0,5025.57,3933.05,1092.51,5025.57,1092.51,9973.2,5244.07,5025.57,6700.76,,undefined
2060,12,85.92,3442011.18,0.065,0.02,0.025,0.0052616943,0.0020598363,-99.473831,0.0,0.0,5035.92,3941.15,1094.76,5035.92,1094.76,10006.13,5254.87,5035.92,6714.56,,undefined
2061,1,86.0,3453393.61,0.065,0.02,0.025,0.0052616943,0.0020598363,-99.473831,0.0,0.0,5046.29,3949.27,1097.02,5046.29,1097.02,10039.2,5265.7,5046.29,6728.39,,undefined
2061,2,86.08,3464822.06,0.065,0.02,0.025,0.0052616943,0.0020598363,-99.473831,0.0,0.0,5056.69,3957.41,1099.28,5056.69,1099.28,10072.4,5276.54,5056.69,6742.25,,undefined
2061,3,86.17,3476296.76,0.065,0.02,0.025,0.0052616943,0.0020598363,-99.473831,0.0,0.0,5067.1,3965.56,1101.54,5067.1,1101.54,10105.73,5287.41,5067.1,6756.14,,undefined
2061,4,86.25,3487817.92,0.065,0.02,0.025,0.0052616943,0.0020598363,-99.473831,0.0,0.0,5077.54,3973.73,1103.81,5077.54,1103.81,10139.2,5298.3,5077.54,6770.05,,undefined
2061,5,86.33,3499385.75,0.065,0.02,0.025,0.0052616943,0.0020598363,-99.473831,0.0,0.0,5088.0,3981.91,1106.09,5088.0,1106.09,10172.8,5309.22,5088.0,6784.0,,undefined
2061,6,86.42,3511000.48,0.065,0.02,0.025,0.0052616943,0.0020598363,-99.473831,0.0,0.0,5098.48,3990.11,1108.36,5098.48,1108.36,10206.54,5320.15,5098.48,6797.97,,undefined
2061,7,86.5,3522662.31,0.065,0.02,0.025,0.0052616943,0.0020598363,-99.473831,0.0,0.0,5108.98,3998.33,1110.65,5108.98,1110.65,10240.42,5331.11,5108.98,6811.97,,undefined
2061,8,86.58,3534371.48,0.065,0.02,0.025,0.0052616943,0.0020598363,-99.473831,0.0,0.0,5119.5,4006.57,1112.94,5119.5,1112.94,10274.43,5342.09,5119.5,6826.01,,undefined
2061,9,86.67,3546128.2,0.065,0.02,0.025,0.0052616943,0.0020598363,-99.473831,0.0,0.0,5130.05,4014.82,1115.23,5130.05,1115.23,10308.58,5353.1,5130.05,6840.07,,undefined
2061,10,86.75,3557932.68,0.065,0.02,0.025,0.0052616943,0.0020598363,-99.473831,0.0,0.0,5140.62,4023.09,1117.53,5140.62,1117.53,10342.87,5364.12,5140.62,6854.16,,undefined
2061,11,86.83,3569785.16,0.065,0.02,0.025,0.0052616943,0.0020598363,-99.473831,0.0,0.0,5151.21,4031.38,1119.83,5151.21,1119.83,10377.3,5375.17,5151.21,6868.27,,undefined
2061,12,86.92,3581685.86,0.065,0.02,0.025,0.0052616943,0.0020598363,-99.473831,0.0,0.0,5161.82,4039.68,1122.13,5161.82,1122.13,10411.87,5386.24,5161.82,6882.42,,undefined
2062,1,87.0,3593635.0,0.065,0.02,0.025,0.0052616943,0.0020598363,-99.473831,0.0,0.0,5172.45,4048.0,1124.45,5172.45,1124.45,10446.58,5397.34,5172.45,6896.6,,undefined
2062,2,87.08,3605632.8,0.065,0.02,0.025,0.0052616943,0.0020598363,-99.473831,0.0,0.0,5183.1,4056.34,1126.76,5183.1,1126.76,10481.44,5408.46,5183.1,6910.8,,undefined
2062,3,87.17,3617679.5,0.065,0.02,0.025,0.0052616943,0.0020598363,-99.473831,0.0,0.0,5193.78,4064.7,1129.08,5193.78,1129.08,10516.43,5419.6,5193.78,6925.04,,undefined
2062,4,87.25,3629775.32,0.065,0.02,0.025,0.0052616943,0.0020598363,-99.473831,0.0,0.0,5204.48,4073.07,1131.41,5204.48,1131.41,10551.57,5430.76,5204.48,6939.3,,undefined
2062,5,87.33,3641920.49,0.065,0.02,0.025,0.0052616943,0.0020598363,-99.473831,0.0,0.0,5215.2,4081.46,1133.74,5215.2,1133.74,10586.84,5441.95,5215.2,6953.6,,undefined
2062,6,87.42,3654115.24,0.065,0.02,0.025,0.0052616943,0.0020598363,-99.473831,0.0,0.0,5225.94,4089.87,1136.07,5225.94,1136.07,10622.27,5453.16,5225.94,6967.92,,undefined
2062,7,87.5,3666359.81,0.065,0.02,0.025,0.0052616943,0.0020598363,-99.473831,0.0,0.0,5236.71,4098.29,1138.41,5236.71,1138.41,10657.84,5464.39,5236.71,6982.27,,undefined
2062,8,87.58,3678654.41,0.065,0.02,0.025,0.0052616943,0.0020598363,-99.473831,0.0,0.0,5247.49,4106.73,1140.76,5247.49,1140.76,10693.55,5475.64,5247.49,6996.66,,undefined
2062,9,87.67,3690999.3,0.065,0.02,0.025,0.0052616943,0.0020598363,-99.473831,0.0,0.0,5258.3,4115.19,1143.11,5258.3,1143.11,10729.41,5486.92,5258.3,7011.07,,undefined
2062,10,87.75,3703394.7,0.065,0.02,0.025,0.0052616943,0.0020598363,-99.473831,0.0,0.0,5269.13,4123.67,1145.46,5269.13,1145.46,10765.41,5498.22,5269.13,7025.51,,undefined
2062,11,87.83,3715840.85,0.065,0.02,0.025,0.0052616943,0.0020598363,-99.473831,0.0,0.0,5279.99,4132.16,1147.82,5279.99,1147.82,10801.57,5509.55,5279.99,7039.98,,undefined
2062,12,87.92,3728337.99,0.065,0.02,0.025,0.0052616943,0.0020598363,-99.473831,0.0,0.0,5290.86,4140.67,1150.19,5290.86,1150.19,10837.87,5520.9,5290.86,7054.48,,undefined
2063,1,88.0,3740886.35,0.065,0.02,0.025,0.0052616943,0.0020598363,-99.473831,0.0,0.0,5301.76,4149.2,1152.56,5301.76,1152.56,10874.32,5532.27,5301.76,7069.01,,undefined
2063,2,88.08,3753486.17,0.065,0.02,0.025,0.0052616943,0.0020598363,-99.473831,0.0,0.0,5312.68,4157.75,1154.93,5312.68,1154.93,10910.92,5543.67,5312.68,7083.57,,undefined
2063,3,88.17,3766137.71,0.065,0.02,0.025,0.0052616943,0.0020598363,-99.473831,0.0,0.0,5323.62,4166.31,1157.31,5323.62,1157.31,10947.67,5555.09,5323.62,7098.17,,undefined
2063,4,88.25,3778841.19,0.065,0.02,0.025,0.0052616943,0.0020598363,-99.473831,0.0,0.0,5334.59,4174.9,1159.69,5334.59,1159.69,10984.57,5566.53,5334.59,7112.79,,undefined
2063,5,88.33,3791596.85,0.065,0.02,0.025,0.0052616943,0.0020598363,-99.473831,0.0,0.0,5345.58,4183.5,1162.08,5345.58,1162.08,11021.62,5577.99,5345.58,7127.44,,undefined
2063,6,88.42,3804404.96,0.065,0.02,0.025,0.0052616943,0.0020598363,-99.473831,0.0,0.0,5356.59,4192.11,1164.48,5356.59,1164.48,11058.82,5589.48,5356.59,7142.12,,undefined
2063,7,88.5,3817265.74,0.065,0.02,0.025,0.0052616943,0.0020598363,-99.473831,0.0,0.0,5367.62,4200.75,1166.87,5367.62,1166.87,11096.18,5601.0,5367.62,7156.83,,undefined
2063,8,88.58,3830179.46,0.065,0.02,0.025,0.0052616943,0.0020598363,-99.473831,0.0,0.0,5378.68,4209.4,1169.28,5378.68,1169.28,11133.69,5612.53,5378.68,7171.57,,undefined
2063,9,88.67,3843146.35,0.065,0.02,0.025,0.0052616943,0.0020598363,-99.473831,0.0,0.0,5389.76,4218.07,1171.69,5389.76,1171.69,11171.36,5624.1,5389.76,7186.34,,undefined
2063,10,88.75,3856166.66,0.065,0.02,0.025,0.0052616943,0.0020598363,-99.473831,0.0,0.0,5400.86,4226.76,1174.1,5400.86,1174.1,11209.18,5635.68,5400.86,7201.15,,undefined
2063,11,88.83,3869240.65,0.065,0.02,0.025,0.0052616943,0.0020598363,-99.473831,0.0,0.0,5411.99,4235.47,1176.52,5411.99,1176.52,11247.15,5647.29,5411.99,7215.98,,undefined
2063,12,88.92,3882368.57,0.065,0.02,0.025,0.0052616943,0.0020598363,-99.473831,0.0,0.0,5423.13,4244.19,1178.94,5423.13,1178.94,11285.29,5658.92,5423.13,7230.84,,undefined
2064,1,89.0,3895550.67,0.065,0.02,0.025,0.0052616943,0.0020598363,-99.473831,0.0,0.0,5434.3,4252.93,1181.37,5434.3,1181.37,11323.57,5670.58,5434.3,7245.74,,undefined
2064,2,89.08,3908787.2,0.065,0.02,0.025,0.0052616943,0.0020598363,-99.473831,0.0,0.0,5445.5,4261.69,1183.8,5445.5,1183.8,11362.02,5682.26,5445.5,7260.66,,undefined
2064,3,89.17,3922078.42,0.065,0.02,0.025,0.0052616943,0.0020598363,-99.473831,0.0,0.0,5456.71,4270.47,1186.24,5456.71,1186.24,11400.63,5693.96,5456.71,7275.62,,undefined
2064,4,89.25,3935424.59,0.065,0.02,0.025,0.0052616943,0.0020598363,-99.473831,0.0,0.0,5467.95,4279.27,1188.69,5467.95,1188.69,11439.4,5705.69,5467.95,7290.61,,undefined
2064,5,89.33,3948825.97,0.065,0.02,0.025,0.0052616943,0.0020598363,-99.473831,0.0,0.0,5479.22,4288.08,1191.13,5479.22,1191.13,11478.32,5717.44,5479.22,7305.62,,undefined
2064,6,89.42,3962282.81,0.065,0.02,0.025,0.0052616943,0.0020598363,-99.473831,0.0,0.0,5490.5,4296.92,1193.59,5490.5,1193.59,11517.41,5729.22,5490.5,7320.67,,undefined
2064,7,89.5,3975795.38,0.065,0.02,0.025,0.0052616943,0.0020598363,-99.473831,0.0,0.0,5501.81,4305.77,1196.05,5501.81,1196.05,11556.66,5741.02,5501.81,7335.75,,undefined
2064,8,89.58,3989363.94,0.065,0.02,0.025,0.0052616943,0.0020598363,-99.473831,0.0,0.0,5513.15,4314.64,1198.51,5513.15,1198.51,11596.07,5752.85,5513.15,7350.86,,undefined
2064,9,89.67,4002988.75,0.065,0.02,0.025,0.0052616943,0.0020598363,-99.473831,0.0,0.0,5524.5,4323.52,1200.98,5524.5,1200.98,11635.64,5764.7,5524.5,7366.0,,undefined
2064,10,89.75,4016670.08,0.065,0.02,0.025,0.0052616943,0.0020598363,-99.473831,0.0,0.0,5535.88,4332.43,1203.45,5535.88,1203.45,11675.38,5776.57,5535.88,7381.18,,undefined
2064,11,89.83,4030408.19,0.065,0.02,0.025,0.0052616943,0.0020598363,-99.473831,0.0,0.0,5547.28,4341.35,1205.93,5547.28,1205.93,11715.29,5788.47,5547.28,7396.38,,undefined
2064,12,89.92,4044203.35,0.065,0.02,0.025,0.0052616943,0.0020598363,-99.473831,0.0,0.0,5558.71,4350.3,1208.42,5558.71,1208.42,11755.36,5800.39,5558.71,7411.62,,undefined
2065,1,90.0,4058055.83,0.065,0.02,0.025,0.0052616943,0.0020598363,-99.473831,0.0,0.0,5570.16,4359.26,1210.9,5570.16,1210.9,11795.59,5812.34,5570.16,7426.88,,undefined
2065,2,90.08,4071965.9,0.065,0.02,0.025,0.0052616943,0.0020598363,-99.473831,0.0,0.0,5581.64,4368.24,1213.4,5581.64,1213.4,11836.0,5824.31,5581.64,7442.18,,undefined
2065,3,90.17,4085933.83,0.065,0.02,0.025,0.0052616943,0.0020598363,-99.473831,0.0,0.0,5593.13,4377.23,1215.9,5593.13,1215.9,11876.57,5836.31,5593.13,7457.51,,undefined
2065,4,90.25,4099959.89,0.065,0.02,0.025,0.0052616943,0.0020598363,-99.473831,0.0,0.0,5604.65,4386.25,1218.4,5604.65,1218.4,11917.31,5848.33,5604.65,7472.87,,undefined
2065,5,90.33,4114044.36,0.065,0.02,0.025,0.0052616943,0.0020598363,-99.473831,0.0,0.0,5616.2,4395.29,1220.91,5616.2,1220.91,11958.22,5860.38,5616.2,7488.26,,undefined
2065,6,90.42,4128187.52,0.065,0.02,0.025,0.0052616943,0.0020598363,-99.473831,0.0,0.0,5627.77,4404.34,1223.43,5627.77,1223.43,11999.3,5872.45,5627.77,7503.69,,undefined
2065,7,90.5,4142389.63,0.065,0.02,0.025,0.0052616943,0.0020598363,-99.473831,0.0,0.0,5639.36,4413.41,1225.95,5639.36,1225.95,12040.55,5884.55,5639.36,7519.14,,undefined
2065,8,90.58,4156650.99,0.065,0.02,0.025,0.0052616943,0.0020598363,-99.473831,0.0,0.0,5650.97,4422.5,1228.47,5650.97,1228.47,12081.97,5896.67,5650.97,7534.63,,undefined
2065,9,90.67,4170971.86,0.065,0.02,0.025,0.0052616943,0.0020598363,-99.473831,0.0,0.0,5662.61,4431.61,1231.0,5662.61,1231.0,12123.57,5908.82,5662.61,7550.15,,undefined
2065,10,90.75,4185352.54,0.065,0.02,0.025,0.0052616943,0.0020598363,-99.473831,0.0,0.0,5674.28,4440.74,1233.54,5674.28,1233.54,12165.33,5920.99,5674.28,7565.71,,undefined
2065,11,90.83,4199793.29,0.065,0.02,0.025,0.0052616943,0.0020598363,-99.473831,0.0,0.0,5685.97,4449.89,1236.08,5685.97,1236.08,12207.28,5933.18,5685.97,7581.29,,undefined
2065,12,90.92,4214294.41,0.065,0.02,0.025,0.0052616943,0.0020598363,-99.473831,0.0,0.0,5697.68,4459.05,1238.63,5697.68,1238.63,12249.4,5945.4,5697.68,7596.91,,undefined
2066,1,91.0,4228856.19,0.065,0.02,0.025,0.0052616943,0.0020598363,-99.473831,0.0,0.0,5709.42,4468.24,1241.18,5709.42,1241.18,12291.69,5957.65,5709.42,7612.55,,undefined
2066,2,91.08,4243478.9,0.065,0.02,0.025,0.0052616943,0.0020598363,-99.473831,0.0,0.0,5721.18,4477.44,1243.73,5721.18,1243.73,12334.16,5969.92,5721.18,7628.23,,undefined
2066,3,91.17,4258162.84,0.065,0.02,0.025,0.0052616943,0.0020598363,-99.473831,0.0,0.0,5732.96,4486.66,1246.3,5732.96,1246.3,12376.81,5982.22,5732.96,7643.95,,undefined
2066,4,91.25,4272908.3,0.065,0.02,0.025,0.0052616943,0.0020598363,-99.473831,0.0,0.0,5744.77,4495.91,1248.86,5744.77,1248.86,12419.64,5994.54,5744.77,7659.69,,undefined
2066,5,91.33,4287715.57,0.065,0.02,0.025,0.0052616943,0.0020598363,-99.473831,0.0,0.0,5756.6,4505.17,1251.44,5756.6,1251.44,12462.65,6006.89,5756.6,7675.47,,undefined
2066,6,91.42,4302584.94,0.065,0.02,0.025,0.0052616943,0.0020598363,-99.473831,0.0,0.0,5768.46,4514.45,1254.01,5768.46,1254.01,12505.84,6019.26,5768.46,7691.28,,undefined
2066,7,91.5,4317516.7,0.065,0.02,0.025,0.0052616943,0.0020598363,-99.473831,0.0,0.0,5780.34,4523.75,1256.6,5780.34,1256.6,12549.21,6031.66,5780.34,7707.12,,undefined
2066,8,91.58,4332511.15,0.065,0.02,0.025,0.0052616943,0.0020598363,-99.473831,0.0,0.0,5792.25,4533.06,1259.18,5792.25,1259.18,12592.76,6044.09,5792.25,7723.0,,undefined
2066,9,91.67,4347568.6,0.065,0.02,0.025,0.0052616943,0.0020598363,-99.473831,0.0,0.0,5804.18,4542.4,1261.78,5804.18,1261.78,12636.49,6056.54,5804.18,7738.91,,undefined
2066,10,91.75,4362689.32,0.065,0.02,0.025,0.0052616943,0.0020598363,-99.473831,0.0,0.0,5816.14,4551.76,1264.38,5816.14,1264.38,12680.41,6069.01,5816.14,7754.85,,undefined
2066,11,91.83,4377873.64,0.065,0.02,0.025,0.0052616943,0.0020598363,-99.473831,0.0,0.0,5828.12,4561.13,1266.98,5828.12,1266.98,12724.51,6081.51,5828.12,7770.82,,undefined
2066,12,91.92,4393121.84,0.065,0.02,0.025,0.0052616943,0.0020598363,-99.473831,0.0,0.0,5840.12,4570.53,1269.59,5840.12,1269.59,12768.8,6094.04,5840.12,7786.83,,undefined
2067,1,92.0,4408434.24,0.065,0.02,0.025,0.0052616943,0.0020598363,-99.473831,0.0,0.0,5852.15,4579.94,1272.21,5852.15,1272.21,12813.27,6106.59,5852.15,7802.87,,undefined
2067,2,92.08,4423811.13,0.065,0.02,0.025,0.0052616943,0.0020598363,-99.473831,0.0,0.0,5864.21,4589.38,1274.83,5864.21,1274.83,12857.93,6119.17,5864.21,7818.94,,undefined
2067,3,92.17,4439252.83,0.065,0.02,0.025,0.0052616943,0.0020598363,-99.473831,0.0,0.0,5876.28,4598.83,1277.45,5876.28,1277.45,12902.78,6131.78,5876.28,7835.05,,undefined
2067,4,92.25,4454759.63,0.065,0.02,0.025,0.0052616943,0.0020598363,-99.473831,0.0,0.0,5888.39,4608.3,1280.08,5888.39,1280.08,12947.82,6144.41,5888.39,7851.19,,undefined
2067,5,92.33,4470331.86,0.065,0.02,0.025,0.0052616943,0.0020598363,-99.473831,0.0,0.0,5900.52,4617.8,1282.72,5900.52,1282.72,12993.05,6157.06,5900.52,7867.36,,undefined
2067,6,92.42,4485969.82,0.065,0.02,0.025,0.0052616943,0.0020598363,-99.473831,0.0,0.0,5912.67,4627.31,1285.36,5912.67,1285.36,13038.47,6169.74,5912.67,7883.56,,undefined
2067,7,92.5,4501673.82,0.065,0.02,0.025,0.0052616943,0.0020598363,-99.473831,0.0,0.0,5924.85,4636.84,1288.01,5924.85,1288.01,13084.08,6182.45,5924.85,7899.8,,undefined
2067,8,92.58,4517444.17,0.065,0.02,0.025,0.0052616943,0.0020598363,-99.473831,0.0,0.0,5937.06,4646.39,1290.66,5937.06,1290.66,13129.88,6195.19,5937.06,7916.07,,undefined
2067,9,92.67,4533281.2,0.065,0.02,0.025,0.0052616943,0.0020598363,-99.473831,0.0,0.0,5949.28,4655.96,1293.32,5949.28,1293.32,13175.88,6207.95,5949.28,7932.38,,undefined
2067,10,92.75,4549185.23,0.065,0.02,0.025,0.0052616943,0.0020598363,-99.473831,0.0,0.0,5961.54,4665.55,1295.99,5961.54,1295.99,13222.07,6220.74,5961.54,7948.72,,undefined
2067,11,92.83,4565156.55,0.065,0.02,0.025,0.0052616943,0.0020598363,-99.473831,0.0,0.0,5973.82,4675.16,1298.66,5973.82,1298.66,13268.46,6233.55,5973.82,7965.09,,undefined
2067,12,92.92,4581195.51,0.065,0.02,0.025,0.0052616943,0.0020598363,-99.473831,0.0,0.0,5986.12,4684.79,1301.33,5986.12,1301.33,13315.04,6246.39,5986.12,7981.5,,undefined
2068,1,93.0,4597302.42,0.065,0.02,0.025,0.0052616943,0.0020598363,-99.473831,0.0,0.0,5998.45,4694.44,1304.01,5998.45,1304.01,13361.82,6259.26,5998.45,7997.94,,undefined
2068,2,93.08,4613477.61,0.065,0.02,0.025,0.0052616943,0.0020598363,-99.473831,0.0,0.0,6010.81,4704.11,1306.7,6010.81,1306.7,13408.8,6272.15,6010.81,8014.41,,undefined
2068,3,93.17,4629721.4,0.065,0.02,0.025,0.0052616943,0.0020598363,-99.473831,0.0,0.0,6023.19,4713.8,1309.39,6023.19,1309.39,13455.98,6285.07,6023.19,8030.92,,undefined
2068,4,93.25,4646034.11,0.065,0.02,0.025,0.0052616943,0.0020598363,-99.473831,0.0,0.0,6035.6,4723.51,1312.09,6035.6,1312.09,13503.35,6298.02,6035.6,8047.46,,undefined
2068,5,93.33,4662416.08,0.065,0.02,0.025,0.0052616943,0.0020598363,-99.473831,0.0,0.0,6048.03,4733.24,1314.79,6048.03,1314.79,13550.93,6310.99,6048.03,8064.04,,undefined
2068,6,93.42,4678867.64,0.065,0.02,0.025,0.0052616943,0.0020598363,-99.473831,0.0,0.0,6060.49,4742.99,1317.5,6060.49,1317.5,13598.71,6323.99,6060.49,8080.65,,undefined
2068,7,93.5,4695389.11,0.065,0.02,0.025,0.0052616943,0.0020598363,-99.473831,0.0,0.0,6072.97,4752.76,1320.21,6072.97,1320.21,13646.7,6337.01,6072.97,8097.3,,undefined
2068,8,93.58,4711980.84,0.065,0.02,0.025,0.0052616943,0.0020598363,-99.473831,0.0,0.0,6085.48,4762.55,1322.93,6085.48,1322.93,13694.88,6350.07,6085.48,8113.98,,undefined
2068,9,93.67,4728643.15,0.065,0.02,0.025,0.0052616943,0.0020598363,-99.473831,0.0,0.0,6098.02,4772.36,1325.66,6098.02,1325.66,13743.28,6363.15,6098.02,8130.69,,undefined
2068,10,93.75,4745376.39,0.065,0.02,0.025,0.0052616943,0.0020598363,-99.473831,0.0,0.0,6110.58,4782.19,1328.39,6110.58,1328.39,13791.88,6376.26,6110.58,8147.44,,undefined
2068,11,93.83,4762180.89,0.065,0.02,0.025,0.0052616943,0.0020598363,-99.473831,0.0,0.0,6123.16,4792.04,1331.12,6123.16,1331.12,13840.68,6389.39,6123.16,8164.22,,undefined
2068,12,93.92,4779056.99,0.065,0.02,0.025,0.0052616943,0.0020598363,-99.473831,0.0,0.0,6135.78,4801.91,1333.86,6135.78,1333.86,13889.69,6402.55,6135.78,8181.04,,undefined
2069,1,94.0,4796005.04,0.065,0.02,0.025,0.0052616943,0.0020598363,-99.473831,0.0,0.0,6148.42,4811.8,1336.61,6148.42,1336.61,13938.92,6415.74,6148.42,8197.89,,undefined
2069,2,94.08,4813025.38,0.065,0.02,0.025,0.0052616943,0.0020598363,-99.473831,0.0,0.0,6161.08,4821.72,1339.37,6161.08,1339.37,13988.35,6428.95,6161.08,8214.77,,undefined
2069,3,94.17,4830118.35,0.065,0.02,0.025,0.0052616943,0.0020598363,-99.473831,0.0,0.0,6173.77,4831.65,1342.12,6173.77,1342.12,14037.99,6442.2,6173.77,8231.7,,undefined
2069,4,94.25,4847284.31,0.065,0.02,0.025,0.0052616943,0.0020598363,-99.473831,0.0,0.0,6186.49,4841.6,1344.89,6186.49,1344.89,14087.85,6455.47,6186.49,8248.65,,undefined
2069,5,94.33,4864523.59,0.065,0.02,0.025,0.0052616943,0.0020598363,-99.473831,0.0,0.0,6199.23,4851.57,1347.66,6199.23,1347.66,14137.91,6468.76,6199.23,8265.64,,undefined
2069,6,94.42,4881836.56,0.065,0.02,0.025,0.0052616943,0.0020598363,-99.473831,0.0,0.0,6212.0,4861.57,1350.44,6212.0,1350.44,14188.19,6482.09,6212.0,8282.67,,undefined
2069,7,94.5,4899223.56,0.065,0.02,0.025,0.0052616943,0.0020598363,-99.473831,0.0,0.0,6224.8,4871.58,1353.22,6224.8,1353.22,14238.69,6495.44,6224.8,8299.73,,undefined
2069,8,94.58,4916684.95,0.065,0.02,0.025,0.0052616943,0.0020598363,-99.473831,0.0,0.0,6237.62,4881.61,1356.0,6237.62,1356.0,14289.4,6508.82,6237.62,8316.83,,undefined
2069,9,94.67,4934221.09,0.065,0.02,0.025,0.0052616943,0.0020598363,-99.473831,0.0,0.0,6250.47,4891.67,1358.8,6250.47,1358.8,14340.33,6522.23,6250.47,8333.96,,undefined
2069,10,94.75,4951832.33,0.065,0.02,0.025,0.0052616943,0.0020598363,-99.473831,0.0,0.0,6263.34,4901.75,1361.6,6263.34,1361.6,14391.48,6535.66,6263.34,8351.12,,undefined
2069,11,94.83,4969519.03,0.065,0.02,0.025,0.0052616943,0.0020598363,-99.473831,0.0,0.0,6276.24,4911.84,1364.4,6276.24,1364.4,14442.84,6549.12,6276.24,8368.33,,undefined
2069,12,94.92,4987281.56,0.065,0.02,0.025,0.0052616943,0.0020598363,-99.473831,0.0,0.0,6289.17,4921.96,1367.21,6289.17,1367.21,14494.43,6562.61,6289.17,8385.56,,undefined
2070,1,95.0,5005120.27,0.065,0.02,0.025,0.0052616943,0.0020598363,-99.473831,0.0,0.0,6302.13,4932.1,1370.03,6302.13,1370.03,14546.24,6576.13,6302.13,8402.84,,undefined
